CODIGO;PERFIL;NOME;CNPJ;CONTATO;TELEFONE;ENDEREÇO;NUMERO/COMPLEMENTO;BAIRRO;UF;MUNICIPIO;CEP;SEG. A SEX.;SÁBADO;INSTAGRAM;E-mail;Time;Vendedor
ooooo2;LOJA;MEDINA BIKES;143280000197;PEDRO;51 991219066 / 34882949;AV DORIVAL CANDIDO LUZ DE OLIVEIRA;1433;COHAB A;RS;GRAVATAI;94050-000;09:30 as 12 e das 13:30 as 18:30h;08:30 as 12h;;medinabikes@soulcycles.com.br;;
W000CS;LOJA;NACIONAL BIKE;28507977000119;RODRIGO;16 33315892;R. DR. MARIO OPICE;543;PARQUE IGAÇABA;SP;ARARAQUARA;14804-400;9 as 18:30;9 as 13;NACIONALBIKES;nacionalbikes@soulcycles.com.br;ELIS;ELIS
W000CZ;LOJA;BP BIKE SHOP;28927543000178;ELISIANE;54 37711369;R. BUARQUE DE MACEDO;3211;CENTRO;RS;CARLOS BARBOSA;95185-000;9 as 18:30;9 as12;;biopoint@soulcycles.com.br;;
W000D1;LOJA;CICLOVIA BICICLETAS;1024515000194;LEANDRO;55 991118092;R RADIALTA FREDY GERMANO;111, SALA F FUNDOS;J KUBISTCHECK;RS;SANTA MARIA;97035-660;08 as 18:30h;08 as 13h;;CICLOVIABICICLETAS@SOULCYCLES.COM.BR;;
W000DA;LOJA;BIKE7 DOIS CORREGOS;26010341000131;ANDERSON;14 981128120;AV JOAO ZAGO;260;JARDIM MARINA;SP;DOIS CORREGOS;17300-000;09 as 18h;09 as 12h;;BIKE7DOISCORREGOS@SOULCYCLES.COM.BR;ELIS;JOABE
W000DB;LOJA;BIKE RUNNERS;35591615000114;FABIO;11 947842766;R. GONÇALO COELHO;216;VILA FORMOSA;SP;SÃO PAULO;033588-110;8 as 19;10 as 16;;bikerunners@soulcycles.com.br;;
W000DF;LOJA;UP BIKE STORE;8018389000104;ALECS;54 981158206;R. ANDRADE NEVES;363;ESPOSIÇÃO;RS;CAXIAS DO SUL;95084-200;12 as 19:30;9 as 13;;UPBIKES@SOULCYCLES.COM.BR;;
W000DG;LOJA;BIK'S STORE;5664918000159;ANDERSON;42 36295224 / 984184971;R QUINTINO BOCAIUVA;1951, SALA 01    ;CENTRO;PR;GUARAPUAVA;85010-300;09 as 11:30 e das 13 as 18:30h;09 as 13h;;BIKSSTORE@SOULCYCLES.COM.BR;;
W000DT;LOJA;BIKE GIRO;7207677000144;ELTON;34 998284227;PC BANDEIRANTES;36;BRASIL;MG;PATOS DE MINAS;38700-358;08 as 18h;08 as 13h;;BIKEGIRO@SOULCYCLES.COM.BR;;
W000DY;LOJA;ENTRE TRILHAS;13097362000275;MATHEUS;31 984756853;R ALVARO GUIMARAES BRESSAN;27;BAUXITA;MG;OURO PRETO;35400-000;09 as 18:30h;09 as 13h;;ENTRETRILHAS@SOULCYCLES.COM.BR;;
W000E2;LOJA;INFINITI BIKE SHOP;33.589.372/0001-54;ROMULO;19 3894 5439;AV. CONCEIÇÃO;1708;VILA MARIA;SP;INDAIATUBA;13.334-345;9 as 19;9 as 13;;INFINITI@SOULCYCLES.COM.BR;;
W000E4;LOJA;SQUADRA BIKE SHOP;33913469000251;BRUNO;12 92557147;AV JUSCELINO KUBITSCHEK DE OLIVEIRA;1000;CAMPO DO GALVAO;SP;GUARATINGUETA;12505-300;10 as 20h;10 as 13h;;SQUADRA@SOULCYCLES.COM.BR;;
W000EG;MECÂNICO;SF BIKE SHOP;29540475000152;SIDNEI;19 34636881/ 981805677;AV PREFEITO JOSE MARIA DE ARAUJO JUNIOR;535, LOJA 2;JARDIM FIRENZE;SP;SANTA BARBARA D'OSTE;13.450-860;09 as 19h;09 as 13h;-;;ELIS;JOABE
W000EP;LOJA;BIKERS HOUSE;38217026000169;TIAGO / RICARDO;35 999011092;AV VICENTE SIMOES;930/01;NOVO HORIZONTE;MG;POUSO ALEGRE;37.554-122;9 as 18h;9 as 13h;;BIKERSHOUSE@SOULCYCLES.COM.BR;;
W000EQ;LOJA;REICHERT BIKES;36571474000130;RICARDO;51 998431815;R. VISCONDE DE MAUA;434;CENTRO;RS;CAMPO BOM;93700-000;9 as 18:30;8 as 12;;REICHERTBICICLETAS@SOULCYCLES.COM.BR ;;
W000ES;LOJA;FIO BIKE SHOP;43306515000127;DANILO;19 981559239;AV. DE CILO;4258;PARQUE NOVO MUNDO;SP;AMERICANA;13467-600;9 as 18;8 as 13;FIOBIKESHOP;fiobikeshop@soulcycles.com.br;;
W000EV;LOJA;BIKE EXTREME CONCEPT;30966946000178;GUERA;11 982323068;AV. FREDERICO STRUBE;934;VILA OLIVEIRA;SP;MOGI DAS CRUZES;08790-060;-;-;;EXTREME@SOULCYCLES.COM.BR ;;
W000F2;LOJA;MARCÃO BIKE SHOP;27041262000150;MARCAO;32 98823 6212;R MARECHAL HUMBERTO CASTELO BRANCO;1058;VILA MIRALDA;MG;LEOPOLDINA;82590-300;9 as 19;8 as 12;;;;
W000FF;LOJA;LEAL BIKE ;3745045000183;LEONARDO;19 34512381;R EVARISTO OLIVATTO FILHO;1113;JARDIM CAIEIRA;SP;LIMEIRA;13483-200 ;08 as 18h;08 as 14h;;;ELIS;JOABE
W000FH ;MECÂNICO;LEGEND BIKE SHOP ;26526523000160;RONALDO;11 961091725;R PASCOAL PAIS;50;VILA CORDEIRO;SP;SÃO PAULO;04569-001;10 as 19h;-;h.bikeoficina;;;
W000FM;LOJA;CONSERTA BIKE PARAGOMINAS;45339262000113;LAUANY / MARCELO;91 993651252 / 982377587;AV CONTORNO;298;CELIO MIRANDA;PA;PARAGOMINAS;68626-220;08 as 18h;08 as 18h;;;;
W000FN;MECÂNICO;STREET BIKE OFICINA;33387436000134;ROBSON;11 999890506;R BRASIL;270;VILA ISABEL EBER;SP;JUNDIAÍ;13202-284;08:30 as 18h;08:30 as 12h;streetbikejundiai;;;
W000FO;LOJA;CENTRAL BIKES;66274747000146;RAMIRES;35 999541167;R FRANCISCO MASSELI;52;CENTRO;MG;ITAJUBÁ;37500-058 ;08:30 as 18:30h;08:30 as 13h;;;;
W000FP;MECÂNICO;EVERYBIKE;24113978000128;JUNIOR;11 995377036;R FRANCA PINTO;421;VILA MARIANA;SP;SÃO PAULO;04016-032;10 as 19h;10:30 as 16:30h;everybike_oficial;;;
W000FR;LOJA;TORINO BIKES;39297995000130;RAFAEL;46991303515;R TAPAJOS;432;CENTRO;PR;PATO BRANCO ;85501-043;08 as 19h;10 as 13h;;;;
W000FS;MECÂNICO;WATCH BIKES;37462720000189;GUSTAVO;12 99205 2662;R AGOSTINHO ESPATA FORA;22;VILA PAULISTA;SP;TAUBATE;12031-120;09 as 18:30h;-;watch_bikes_;;ELIS;JOABE
W000FU;MECÂNICO;BENTINHO BIKES;41974805000113;LUCAS;35 99812 7039;R DUQUE DE CAXIAS;142;CENTRO;MG;BORDA DA MATA;37564-000 ;09 as 18h;09 as 12h;bentinhobikes;;;
W000FW;MECÂNICO;OFICINA DO PEXE;37422182000107;DANILO;19 98236 3505;R MARIA FRANCISCA (JARDIM NOVA CANUDOS);18;CENTRO;SP;VINHEDO;13.280-350;09 as 18:30h;-;oficinadopexe;;;
W000FX;LOJA;ConectBike;41910259000157;DANIEL;31 99104893;AV ANTONIO OLINTO;681, LOJA B;CENTRO;MG;CURVELO;35790-001;08 as 18h;08 as 13h;;;;
W000FY;LOJA;BELABIKE SHOP;44283793000179;IRWING;71 98766 4546;Alameda Euvaldo Luz ;92, Loja Q2, Estac. G0, Asa Sul, Shopping Bela Vista ;HORTO BELA VISTA;BA;SALVADOR;41098-020;09 as 20h;09 as 18h;;;;
W000FZ;MECÂNICO;BIKE CENTRAL;9568498000168;WELLINGTON;19991129738;AV BRASIL;575, Sala 02;JARDIM AMANDA;SP;HORTOLANDIA;13188-252;08 as 18h;-;bikecentral13;;;
W000G1;MECÂNICO;CHASSIS BIKES;39819882000157;WEVERTON;17 99728 9401;PC CECILIA MEIRELES;4319;CONJUNTO HABITACIONAL JARDIM ARAPUA;SP;JALES;15707-186;08 as 18h;08 as 12h;chassis_bikes;;;
W000G4;MECÂNICO;OFICINA BIKE;41190945000109;CARLOS;11 99656 0285;R DANAIDES;56;VILA ANHANGUERA;SP;SÃO PAULO;04673-180;09 as 19h;-;oficinabikeoficial;;ELIS;JOABE
W000G5;MECÂNICO;CT BIKE;20528580000100;CARLOS;18 99107 6447;R CRISTIANO OLSEN;2349;HIGIENOPOLIS;SP;ARACATUBA;16010-720;09 as 18h;9 as 12h;ctbikeoficina;;;
W000G6;MECÂNICO;GARAGE BIKE MECHANIC ;23681346000106;CLODOALDO;45 999121004;R ANGELO MASSOLA;801;JARDIM CONCORDIA;PR;TOLEDO;85906-490;08 as 18h;-;garagebikemechanic;;;
W000G7;MECÂNICO;ALLTECH BIKES;20787608000115;HELIO;24 99236 9988;ESTRADA UNIAO E INDUSTRIA;10673;ITAIPAVA;RJ;PETROPOLIS;25645-250;09:30 as 18h;09:30 as 18h;alltechbikes;;;
W000G8;MECÂNICO;GARAGE BIKE JF;37238205000110;JOAO PEDRO;32 991104889;AV DOUTOR MOACYR SIQUEIRA;462;JARDIM DO SOL;MG;JUIZ DE FORA;36062-010;09 as 20h;-;garagebikejf;;;
W000GA;MECÂNICO;TRONCO BIKE SERVICE;31705666000179;VINICIUS;12 991348929;AV MANOEL MARCONDES OLIVEIRA MELLO;344;CONDOMINIO RESIDENCIAL REAL VILLE;SP;PINDAMONHANGABA;12421-700;09 as 19h;09 as 12h;tronco.bike;;;
W000GF;MECÂNICO;CARNE SECA BIKES;37206754000102;BRUNO;27 99702 3339;AVENIDA RIO BRANCO;363-LOJA 01;SANTA LUCIA;ES;VITÓRIA;29056-255;09 as 18h;-;carnesecabikes;;;
W000GJ;MECÂNICO;BINHO BIKE;35367043000194;BINHO;19 99899 4455;R PADRE ANCHIETA 285;285;JARDIM BELVEDERE;SP;ARARAS;13601-130;08:30 as 17:30h;-;binhobikeararas;;;
W000GK;LOJA;BRASIL BIKE SHOP;9054393000190;LUIS;31 987556309 / 989575329;AV CUSTODIO SILVA;1050;CENTRO;MG;PONTE NOVA;35.430-026;09 as 19h;09 as 13h;;;ELIS;JOABE
W000GL;MECÂNICO;UPDOWN BIKE;40821476000108;KELSON;83998216633;AV PRESIDENTE EPITACIO PESSOA;5088, SALA 105;CABO BRANCO;PB;JOAO PESSOA;58045-000;09 as 19h;09 as 13h;updownbike.pb;;Elis;Camila
W000GM;MECÂNICO;PIM - PIM BIKERS ;6375875000154;ANDERSON;;AV PREFEITO MARIO MARTINS DE BARROS;250;VILA LIDIA;SP;BATATAIS;14300-001;09 as 18:30h;09 as 13h;pimpimbikers;;;
W000GN;MECÂNICO;CAFE BIKES MG;28598847000139;LUCAS;33 98435 0508;AV JACINTO ANTONIO DA SILVA;130;VILA RICA;MG;MANHUMIRIM;36970-000;08 as 18h;-;lucas.cafebikes;;;
W000GR;MECÂNICO;ROSIVAL BIKES;23465554000160;ROSIVAL;38 998990514;R JOSE DO PATROCINIO;379;ITAPUA;MG;UNAI;38610-120;08:00 as 18:30;-;rosivalbikes;;;
W000GS;MECÂNICO;PARADA SERVICE CENTER;26978935000130;FABRICIO;77 991319516;AV OLIVIA FLORES;32;LTM INOCOP II LOTE 16;BA;VITORIA DA CONQUISTA;45.028-100;08 as 18h;08 as 18h;;;;
W000GT;MECÂNICO;OFICINA JACKSON BIKE;28898845000165;JACKSON;88 999158581;AV DOM AURELIANO MATOS;1742;CENTRO;CE;LIMOEIRO DO NORTE;62930-000;08 as 18h;08 as 12h;oficinajacksonbike;;;
W000GV;MECÂNICO;JYMMY BIKE MECHANICS;37181707000151;JYMMY;85 986606886;R MANUEL JESUINO;642, LETRA A;MUCURIPE;CE;FORTALEZA;60175-270;08 as 18h;09 as 13h;jymmybikemechanics;;ELIS;JOABE
W000GW;MECÂNICO;MERLO BIKE;21827903000110;FELIPE;19 99630 1477;R MARECHAL BITENCOURT;117;RIBEIRAO;SP;AMPARO;13.904-050;09 as 18h;-;merlobikegarage;;;
W000GY;MECÂNICO;EDIÃO BIKES;22175606000109;EDSON;19 989568431;R DR JOAO MENDES;110;LARGO SAO JOAO;SP;ESPIRITO SANTO DO PINHAL;13990-000;09 as 19h;09 as 12h;ediaobikes;;;
W000GZ;MECÂNICO;PORKIN BIKE CENTER;23759479000140;ELIANDRO;17 988018558;R JOSE DIAS DA SILVA;1191;JARDIM IPANEMA;SP;MONTE APRAZIVEL;15150-000;13 as 17h;-;porkinbike_service_e_fit;;;
W000H3;MECÂNICO;BH BIKES;27086134000123;BRUNO;19 99779 4956;R DAS GARCAS;1750;JARDIM DO LAGO;SP;PIRASSUNUNGA;13633-138;08:30 as 18h;08 as 12h;bikesbh;;;
W000H4;MECÂNICO;STUDIO PRO BIKE;39840957000181;EMERSON;67 999002230;R IMACULADA CONCEICAO;1440;CENTRO;MS;NOVA ANDRADINA;79750-000;07 as 17h;08 as 11h;studioprobike_67;;;
W000H6;MECÂNICO;CX OFICINA ESPECIALIZADA;24485151000145;BRUNO;31 992323682;R VITORIO MARCOLA;535, APT 102;ANCHIETA;MG;BELO HORIZONTE;30310-360;08:30h as 18h;-;brunocorrieri_cxoficina;;ELIS;JOABE
W000H8;MECÂNICO;UM MAIS UM BIKE;36741749000137;GABRIEL;21 979435917;R BENEDITO KELLY;357;SANTA EUGENIA;RJ;NOVA IGUACU;26285-640;9h as 19h;9h as 14h;ummaisumbike;;;
W000H9;MECÂNICO;SPA DA BIKE;40552222000131;DIEGO;31 992870022;R AFONSO PENA;218, CASA 9;CENTRO;MG;CONSELHEIRO LAFAIETE;36400-062;8:00 as 11:15h;13:15 as 18:30h;spa_dabike;;;
W000HJ;MECÂNICO;BIKE MECHANIC;23558366000186;ALONZO;27997820510;R EXPEDICIONARIOS;230;CRISTOVAO COLOMBO;ES;VILA VELHA;29106-520;09 as 18h;-;bikemechanic;;;
W000HN;MECÂNICO;BUSTAMANTE BIKE FIX;27442244000180;FELIPE;73991810505;AV DAVID JONAS FADINI;638, SALA 02;STELA REIS;BA;EUNAPOLIS;45823-035;09 as 18h;-;bustamante_bike_fix;;;
W000HO;MECÂNICO;MÃO BIKE;27136592000120;FABRIZIO;73 999000988;R CAMINHO DOIS;28;JARDIM PRIMAVERA;BA;ITABUNA;45608-839;08 as 18h;-;maobikeservicos;;;
W000HP;MECÂNICO;PAULINHO BIKE SERVICE RJ;39580820000135;PAULO HENRIQUE;(24) 981156150;RUA CORONEL NEI PAULO PANIZZUTTI;169 LOTE 56;JARDIM ALIANCA;RJ;RESENDE;27525-580;09 as 19h;09 as 13h;paulinho_bike_service;;ELIS;JOABE
W000HR;MECÂNICO;ESPAÇO BIKE FOGUINHO;17371418000108;FABIO;62 985337482;R 14;"S/N, QUADRA 22;LOTE 05";SAO JUDAS TADEU;GO;GOIANIRA;75361-646;08 as 18h;08 as 13h;espacobike_foguinho;;;
W000HV;MECÂNICO;JACIEL BIKE;34912699000188;JACIEL;61 992704220;QUADRA 8 BLOCO 4;LT 05, LOJA 02;SOBRADINHO;DF;BRASILIA;73005-504;09 as 18h;-;jacielbikestudio;;;
W000HX;MECÂNICO;TRIAL BIKE;25422736000189;ERIC;35 997524960;AV MARIA DA CONCEICAO QUEIROZ;1157;PARQUE VEREDAS;MG;TRES PONTAS;37.190-000;9h as 19h;-;trialbike230;;;
W000HZ;MECÂNICO;VOSS BIKE;27871637000100;BRUNO;13 99119 8881;R JOAO PINHO;153;BOQUEIRAO;SP;SANTOS;11055-060;09 as 18h;09 as 14h;oficina_voss;;;
W000I0;MECÂNICO;JAPA BIKES;25207189000119;EDSON;11 97521 8803;R AQUIDABAN;165;JARDIM SANTA RITA DE CASSIA;SP;BRAGANÇA PAULISTA;12914-270;09 as 18h;-;edsonjapabike;;;
W000I2;MECÂNICO;PAULINHO BIKE SERVICE MG;46478906000117;PAULO HENRIQUE;38998186055;AV JUAREZ NUNES;15, SALA 5;JARDIM SAO LUIZ;MG;MONTES CLAROS;39401-057;09 as 19h;-;radicalbikepaulinhobikeservice;;;
W000I4;MECÂNICO;BINHO BICICLETAS;36664858000106;BINHO;35 98878 4947;AV HENRIQUE MUNHOZ GARCIA;491, LOJA;JARDIM BOA ESPERANCA III;MG;ALFENAS;37135-152;08:30 as 18h;09 as 13h;binhobicicletas;;ELIS;JOABE
W000I5;MECÂNICO;MARQUINHO DA BICICLETARIA;37622294000101;MARCUS;35 991518876;R SÃO PAULO;35;CENTRO;MG;MONTE SIAO;37580-000;09 as 18h;-;marcos.rufno;;;
W000I9;MECÂNICO;PRO BIKE;34158232000194;ALEX;49 999049804;R BORGES DE MEDEIROS;70, SALA;ALVORADA;SC;XAXIM;89825-000;8 as 18h;-;probikexaxim;;;
W000IC;MECÂNICO;VELO RIDE BIKE;40839759000187;UDI / MARCOS;1998215 0005/991143620;R HEITOR PENTEADO;1374, SALA 1 E 2;JOAQUIM EGIDIO;SP;CAMPINAS;13108-002;09 as 18:30h;07:30 as 12h;veloride_bikeshop;;;
W000ID;MECÂNICO;CICLO MURA;3482707000170;MURIEL;11 99843-9956;R MARECHAL RONDON;252;ESTAÇÃO;SP;SALTO;13323-100;08:30 as 18h;08:30 as 12h;ciclo_mura_bjj_;;;
W000II;MECÂNICO;CEBOLA BIKES;40115261000171;LEANDRO;35 98852 2624;R PADRE ANTONIO PASCHOAL;110;CENTRO;MG;CAMBUI;37600-000;08 as 18h;08 as 12h;cebolabikes;;;
W000IJ;MECÂNICO;THIAGO BIKE SERVICE BA;32012956000108;THIAGO;75 999079365;R SIMPLICIANO LIMA;23;CENTRO;BA;SEABRA ;46900-000;08 as 17:30h;08 as 13h;thiagobikesservice;;;
W000IL;MECÂNICO;BIKE PRONTA;44414718000108;GUSTAVO;44 998326660;AV JOSE CUSTODIO DE OLIVEIRA;1090;CENTRO;PR;CAMPO MOURAO;87301-020;08:30 as 18h;08:30 as 12:30h;bikepronta1;;ELIS;JOABE
W000IM;MECÂNICO;TOCA DA BIKE;44430661000122;blast;24 998639541;R DA PEDREIRA;97, CASA;ARROZAL;RJ;PIRAI;27185-000;09 as 20h;09 as 14h;tocadabike;;;
W000IN;MECÂNICO;LOPO BIKE ESTUDIO;42066352000190;da;35984574664;R JOAO SUEKUNI;153;CENTRO;MG;EXTREMA;37640-000;09 as 19h;-;lopobikestudio;;;
W000IO;MECÂNICO;ARO 29 BIKE SERVICE;43261626000164;DIOGO / FABRICIO;19 99838 7424;AV DR REBOUCAS;121, LOJA 02;CENTRO;SP;SOCORRO;13960-000;09 as 18h;09 as 13h;aro29bikes;;;
W000IP;MECÂNICO;HOME BIKE AVENIDA;46722980000137;EVERTON;19 983093706;AV WANDERLEY J. VICENTE;440, LOJA;VILA CANESSO;SP;PEDREIRA ;13920-000;9 as 20:30h;08:30 as 12h;home.bike.avenida;;;
W000IQ;MECÂNICO;STUDIO CICLO BIKE SERVICES;31246561000107;FABIO / GUSTAVO;11 974370816;R SERRA DE BRAGANCA;758;VILA GOMES CARDIM;SP;SÃO PAULO;03.318-000;9h as 19h;09 as 13h;studio_ciclo;;;
W000IR;MECÂNICO;LV BIKE SERVICE;27999596000131;JOÃO;84 992045699;R ADEMAR LEAO DA SILVEIRA;218;BETEL;RN;APODI;59.700-000;08 as 18h;09 as 18h;leivaqueiroz;;;
W000IS;MECÂNICO;LS BIKE OFICINA;46720779000110;LEILSON;11 994493743;R CEDRO;304;JARDIM IPE;SP;MAUA;09.390-460;10 as 17h;-;lsbikeoficina;;;
W000IW;LOJA;ANDREWS BIKE;26899833000120;ANDERSON;11 994493239;AV PRESTES MAIA;211;JARDIM D'ABRIL;SP;OSASCO;06.040-010;09 as 18h;09 as 15h;;;Elis;Camila
W000IY;MECÂNICO;GIRA PEDAL BIKE;23126240000132;RICARDO;88 992043381;R ANTONIO ANDRE;SN;GROSSOS;CE;VARZEA ALEGRE;63.540-000;08 as 17h;08 às 13h;girapedal;;;
W000J1;MECÂNICO;PARK BIKE;14797246000140;ANTHENOR;91 988887000;TV WE 6 A, CIDADE NOVA I;1, CASA;CIDADE NOVA;PA;ANANINDEUA;67.130-060;08 as 19h;-;parkbike.oficina;;;
W000J2;MECÂNICO;LAS MAGRELAS;17212637000144;TALITA;(11) 941413328;R AURELIA;690;VILA ROMANA;SP;SÃO PAULO;05.046-000;10 as 18h;10 as 14:30h;lasmagrelas;;;
W000J4;MECÂNICO;GARAGEM BIKE ILHEUS;36404296000153;FRANCK;73982130431;R PRIMAVERA;301;TEOTONIO VILELA;BA;ILHÉUS ;45.657-140;08 as 18h;08 as 13h;franckjoseoficial;;;
W000JA;MECÂNICO;INVICTOS BIKE HOUSE;42834710000167;IURI;71992612862;R DOIS DE JULHO;83 E;DOIS DE JULHO;BA;CAMACARI;42.809-201;9h as 17h;-;invictosbikehouse;;ELIS;JOABE
W000JC;MECÂNICO;PARABIKES MATENA;35151609000146;DANIEL;94984113915;AV GENERAL DUTRA;420;VILA NOVA;MG;MANTENA;35.290-000;08h as 18h;08 as 12h;parabikes;;;
W000JD;MECÂNICO;Goblin Bike Parts;11415699000177;ELVIS;19 981421590;R 10;1249;CENTRO;SP;RIO CLARO;13.500-230;09 as 18h;-;elvis_esteter;;;
W000JE;MECÂNICO;LEO BIKE SERVICE;27212701000140;LEO;75 991505555;R QUIRINOPOLIS;211;BRASILIA;BA;FEIRA DE SANTANA;44.088-666;09 as 19h;09 as 14h;leobikeservice;;;
W000JF;MECÂNICO;JETTO BIKE;39454428000140;JORGE;14 99704 3981;R ALCEBIADES BERNARDO;152;CONJUNTO HABITACIONAL ENGENHEIRO FRANCISCO BLASI;SP;BOTUCATU;18.605-730;10 as 18h;10 as 18h;jettobike;;;
W000JJ;MECÂNICO;DOUTOR BIKE;34814197000114;LEOMAR;73981689761;AV ROSENTINO BOTELHO DE ASSUNCAO FILHO;268, TERREO;NORBERTO ODEBRECHT;BA;ITUBERA;45.435-000;08 as 18h;08 as 16h;drbikeitubera;;;
W000JL;MECÂNICO;BAIANO BIKES SERVICE;33885703000101;BRUNO;34 98853 0318;AL DAS CAVIUNAS;4105;DONA DIVA;MG;PATROCINIO;38.748-498;08 as 18h;-;baiano_bike_service;;;
W000JM;MECÂNICO;LEMAO BIKE;26567861000140;DANIEL;19 982169217;R VISCONDE DO RIO BRANCO;2019, FUNDOS;HIGIENOPOLIS;SP;PIRACICABA;13.419-316;8:30 às 19:30h;09 às 13:30;lemaobikehealer;;ELIS;JOABE
W000JN;MECÂNICO;OFICINA IRDEBIKE;36638416000187;PAGU;88 996651801;R MANOEL TOINHO;122;CENTRO;CE;BREJO SANTO;63260000;09 às 12:30 e 14 às 18:30h;09 as 13h;oficina_irdebike;;;
W000JO;MECÂNICO;SANTIN BIKE;13694194000114;LONDRI;73 988050606;R RUI BARBOSA;41;CENTRO;BA;PORTO SEGURO;45.810-000;08 as 18h;08 as 18h;santinbike;;;
W000JT;MECÂNICO;ADRIANO BIKE;45576480000171;ADRIANO;73988572908;R ALZIRA PAIM;35;PONTALZINHO;BA;ITABUNA;45.603-058;08 as 12h e das 13h as 18h;08 as 13h;adriano_bike_service;;;
W000JV ;MECÂNICO;ISAIAS BIKE SERVICE;30328565000163;ISAIAS;;R DA ILHA;51;ITAPUA;BA;SALVADOR;41.620-620;09 as 13h e das 14h das 18:30h;-;isaias_bike_service;;;
W000JW;MECÂNICO;WILLIAN BIKE SERVICE;32646540000133;WILLIAN;61 98112 3495;RUA 4A BLOCO 4;LOJA 1 EDIF BOM TEMPO;SETOR HAB VICENTE PIRES;DF;BRASILIA;72.006-212;09 as 12 e das 13 as 19h;-;willian_bike_service;;ELIS;ALEX
W000JY;LOJA;BIKE 3 IRMAOS;6177949000148;MAURO;32 987097914;AV JOSUE DE QUEIROZ;1177 A;MATOZINHOS;MG;SAO JOAO DEL REI;36305144;08:30 as 18h;08:30 as 12h;;;;
W000K2;LOJA;CAMBUÍ SPORT BIKE;46004102000186;ANDRÉ;3599970984;R CORONEL LAMBERT;358;CENTRO              ;MG;CAMBUI         ;37600-000;08 as 18h;08 as 12h;;;ELIS;JOABE
W000K5;MECÂNICO;BOX BIKE MG;36095042000109;MILLER;35 99858 3606;R BERNADINA RUTTEN;158;CENTRO;MG;PERDOES;37.260-000;8:30 ATÉ 18:30H;8:30 ATÉ 12H;boxbikemg;;;
W000K6;MECÂNICO;OFICINA WSS SUSPENSION;32985690000171;PEDRO;34999903719;AV SEGISMUNDO PEREIRA;3260;SANTA MONICA;MG;UBERLANDIA;38.408-170;8:30 as 18h;-;oficinawss;;;
W000K9;MECÂNICO;GUI BIKE SERVICE;22240788000146;GUILHERME;32 984118087;R ROSINA EDE;40, APT 402;SANTA TEREZA I;MG;BARBACENA;36.201-048;8:30 às 18:30h;-;guibikeservice;;;
W000KB;MECÂNICO;RUCA BIKE SERVICE;14813926000100;RUAN;22 998278461;R DANIEL SILVA;55, LOJA;PARQUE AEROPORTO;RJ;MACAE;27.963-714;08h as 17h;-;bikeruca;;;
W000KC;MECÂNICO;TUTTI BIKE FIT;24186065000131;HAMILTON;19 981612117;R WALDEMAR IVO DE MEDEIROS;145;JARDIM GIBERTONI;SP;SAO CARLOS;13.574-550;09 as 18h;-;hamiltontutti ;;;
W000KD;MECÂNICO;BULL BIKE SERVICE;44905704000189;RAMON;(21) 972160361;AV EXPEDICIONARIO BITTENCOURT RODRIGUES;201, CONJ FRENTE AO TOMTOM;MARIA PAULA;RJ;SAO GONCALO;24.754-400;09 as 18h;08 as 14h;ramonbull_mecanico;;;
W000KE;MECÂNICO;BIKE & SERVICE CASCAVEL;40254863000100;LANYSON;45 99835 9141;R RIO GRANDE DO SUL;1530;CENTRO;PR;CASCAVEL;85.801-011;09 as 18h;09 as 12h;bikeeservice;;;
W000KF;MECÂNICO;TAEL BIKE;31016964000151;TALYTA;85 986676701;R DOUTOR EDUARDO DIAS;28;PASSARE;CE;FORTALEZA;60.743-710;09 as 18h;08h as 12h;taelbike_;;ELIS;JOABE
W000KG;MECÂNICO;DENGO OFICINA BIKE;37817450000181;WELLINTON;32 999628568 E (32) 98393627;R AMERICO DEODORO BRIGHENTI;322;COLONIA DO MARCAL;MG;SAO JOAO DEL REI;36.302-478;08:30 as 18h;08:30 as 12h;dengooficinadebike;;;
W000KH;MECÂNICO;CENTRO TÉCNICO DALAVALI;16613332000181;DANIEL;41 99676 5111;R ANTONIO VIDAL;299;MORADIAS BOM JESUS;PR;CAMPO LARGO;83.602-560;08 às 18h;-;mecanicodalavali;;;
W000KI;MECÂNICO;CHOSEN BIKE PREMIUM;27051332000151;LUCAS;48991684388;R GONCALVES LEDO;177, LOJA 2;TRINDADE;SC;FLORIANOPOLIS;88.036-110;09 as 18h;-;chosenbikeshop;;;
W000KK;MECÂNICO;OFICINA BINDE BIKE REPAIR;29299715000179;ULISSES;41999436790;R FERNANDES DE BARROS;633, LOJA 1;ALTO DA RUA XV;PR;CURITIBA;80.045-390;10 as 18h;-;binde_bike_repair;;;
W000KM;MECÂNICO;DK BIKE VOLTA REDONDA;45289891000186;DOUGLAS;24 999381204;AV ALMIRANTE ADALBERTO DE BARROS NUNES;2520;VILA MURY;RJ;VOLTA REDONDA;27.275-600;09 as 18h;09 as 14h;dkbike_;;;
W000KN;MECÂNICO;DREAM BIKE SHOP;45674089000100;CAIO;47 996980300;R DESEMBARGADOR PEDRO SILVA;157, SALA 2;VICTOR KONDER;SC;BLUMENAU;89.012-150;09 as 19h;-;dream.bikeshop;;;
W000KQ;MECÂNICO;BARBA BIKE LOJA E OFICINA;34008145000150;RAFAEL;47 99114 1163;Rua Tenente Antônio João;1069;BOM RETIRO;SC;JOINVILLE;89.222-401;08 as 18h;-;barbabikeservices;;ELIS;JOABE
W000KS;MECÂNICO;OFICINA TOP BIKE;43960953000104;JORGE;21 972143838;Rua Professor Cardoso de Menezes;Qd 111 lote 03 número 04;JARDIM ATLANTICO OESTE;RJ;MARICA;24.935-425;09 AS 18H;08 as 13h;;;ELIS;ALEX
W000KU;MECÂNICO;REFERENCE BIKE SHOP;12234482000123;LUIS CARLOS;19 99766 9910;AV ARMANDO SALLES OLIVEIRA;99;CENTRO;SP;AGUAS DA PRATA;13.890-000;8:30 a 18:30h;10 as 18h;referencebikeshop;;;
W000KV;MECÂNICO;BIKE AVENTURA RJ;19801150000122;CHEYENNE;21 980015208;AV DAS AMERICAS;BLOCO 8 LOJA 206F;BARRA DA TIJUCA;RJ;RIO DE JANEIRO;22.640-100;09 as 18h;09 as 18h;bikeaventuramuzema;;;
W000KX;MECÂNICO;UAI BIKE;38226993000197;GUSTAVO.;35 998009869;R SETE DE SETEMBRO;1938;CENTRO;MG;MUZAMBINHO;37.890-000;08:30 as 18h;-;uaibikemuz;;;
W000KY;MECÂNICO;SPORT BIKES;30485035000129;MARCEL;25/07/2025;R SAO FRANCISCO DE ASSIS;1238;VIGILATO PEREIRA;MG;UBERLANDIA;38.408-432;09 as 18h;-;sportbikesuberlandia;;;
W000L0;MECÂNICO;TIMBER BIKE SERVICE;40351653000130;TIAGO;35 997331704;AV FELIPE ELIAS ZEITUNE;62;CENTRO;MG;GUAXUPE;37.800-000;09 as 18h;09 as 13h;timberbike;;;
W000L2;MECÂNICO;JL BIKE SERVICE;36427513000120;JOAO LUIS;51 997809746;R JARI;200, CASA;IGARA;RS;CANOAS;92.410-150;9 as 18:30;9 as 12h;jlbikeservice;;ELIS;JOABE
W000L3;MECÂNICO;NEGUINHO BIKE SERVICE;47691717000190;OSVALDO;64 999845649;R 506;130 CASA 2;LOTEAMENTO SANTA CRUZ;GO;CATALAO;75.706-450;08 as 18h;;osvaldomechanic;;;
W000L4;MECÂNICO;SPARK BIKE;41954145000109;DIEGO;18 996443224;PC JOAO BALDUINO DE OLIVEIRA;45;CENTRO;SP;CANDIDO MOTA;19.880-001;08 as 18h;08 as 12:30h;spark.bikeshop;;;
W000L5;MECÂNICO;IDEAL BIKE;39581581000138;JAISSON;55 996755715;EST LINHA FELIPPI;45;BELA VISTA;RS;FREDERICO WESTPHALEN;98.400-000;08:30 as 18h;08:30 as 11:30h;idealbike21;;;
W000L6;MECÂNICO;CAFEH BIKES;40569164000159;ALEXANDRE;48 98811 5806;R ALBINO PEREIRA DE SOUZA;444, SALA 1;URUSSANGUINHA;SC;ARARANGUA;88.905-408;8:30 as 18:30h;08:30 as 12h;cafeh_bikes;;;
W000L8;MECÂNICO;SIMAO BIKE SERVICE;36990921000196;ADRIANO;42 991112812;R RIO GRANDE DO NORTE;4, CASA B;ORFAS;PR;PONTA GROSSA;84.070-140;08:30 as 20h;08 as 13h;adrianosimaoxco;;;
W000L9;MECÂNICO;BIKE ZONE;35623185000175;EDUARDO;81989052344;R LIMA BARRETO;729-A;DIVINOPOLIS;PE;CARUARU;55.010-315;08 as 18h;08 as 12h;bikezone.caruaru;;;
W000LA;LOJA;ATIVO SPORTS;11254731000180;DEMETRIUS;16 999860440;AV. ISMAEL ALONSO Y ALONSO;739;SÃO JOSÉ;SP;FRANCA;14403-000;08:30 as 18h;09 as 13h;;;;
W000LC;LOJA;CLINICA DAS BIKES;41863348000190;CAROL;41998709948;AV SANTA RITA DE CASSIA DOS IMPOSSIVEIS;1095;TATUQUARA;PR;CURITIBA;81.470-086 ;08:30h as 19h;08:30h as 16h;;;ELIS;JOABE
W000LD ;MECÂNICO;BIKE TEC;43178611000137;RENATO;34 98828 3491;R ARAGUAIA;65, CASA;BOA VISTA;MG;MONTE CARMELO;38.500-000;08 as 17:30h;08 as 11h;bike_tec;;;
W00133;MECÂNICO;CENTER LOCK BIKE SERVICE;38191858000153;NICOLAU;62 99999 9598;AV CARRINHO CUNHA;"276, CASA 02;LOTE 07;QUADRA 15";PARQUE DAS FLORES;GO;GOIANIA;74595-236;09 as 18h;09 as 13h;centerlockbike;;;
W00134;MECÂNICO;HERTZ BIKES;32967300000130;HERTZ;87 988031916‬;R JOAQUIM SAMPAIO;648;N SRA APARECIDA;PE;SALGUEIRO;56.000-000;14 as 20h;07 as 17h;hertz_bikes;;;
W00137;MECÂNICO;RAMIREZ ADVENTURE;27394653000159;GUSTAVO RAMIREZ;35920000536;R DR. VIOTTI;618, LOJA;CENTRO;MG;CAXAMBU;37.440-000;09 as 17h;-;ramirez.adventure;;;
W00138;MECÂNICO;FOCKINK BIKES;28546913000127;CARLOS;51 996575154;R BARAO DO ARROIO GRANDE;909, LOJA 2;SANTO ANTONIO;RS;SANTA CRUZ DO SUL;96.835-213;08 as 18h;08 as 12h;fockinkbikes;;;
W00139;MECÂNICO;QUIM BIKE ACESSORIOS;18928753000127;JOAQUIM;35991880835;R SILVIANO BRANDAO;295;CENTRO;MG;CAMANDUCAIA;37.650-000;8:30h às 18h;8:30h às 12h;quimbikeoficial;;;
W00142;MECÂNICO;BARBERINO BIKE;33092151000176;BARBERINO;75998143247;R ADOLFO LEITAO GUERRA;164;SANTOS DUMONT;BA;SENHOR DO BONFIM;48.970-000;08 as 18h;-;barberinobikeservice;guardiano_lindomar@hotmail.com;ELIS;JOABE
W00143;MECÂNICO;JULIO BIKE SERVICE;37800079000145;JULIO;77999269510;AV DEOLINDA MARTINS;707;SANTO ANTONIO;BA;GUANAMBI;46.430-000;08 as 19h;08 as 13h;batatao_bikeservice;;;
W00144;MECÂNICO;ROMAR BIKE;17386099000104;ROMAR;62 999580159;R C130;"QUADRA 238; LOTE 9";JARDIM AMERICA;GO;GOIANIA;74.255-260;08 as 19h;-;romarbike;;;
W00145;MECÂNICO;TECHNOBIKE;39264347000187;WELLINGTON;31 985831812;R DOUTOR EURICO RODRIGUES;324, LOJA C;CENTRO;MG;ITABIRITO;35.450-093;08:30 as 18:30h;08:30h as 13h;technobikeshop;;;
W00146;MECÂNICO;STUDIO BIKE MG;23451181000178;SALIM;33 999095909‬;R DOS LIRIOS;97, CASA;NOVA TERRA;MG;ARACUAI;39.600-000;08 as 18h;-;salim_bikemechanic;;;
W00150;MECÂNICO;DENEBIKE;29261194000160;ADENILSON;41 991837615‬;R JOSE LUIZ RISSARDI;226, CASA 1;PILARZINHO;PR;CURITIBA;80.520-650;08 as 18h;-;denebike;;;
W00151;MECÂNICO;BIKEX;32155581000127;HERCULES;21 99908 3744‬;R PREFEITO PLINIO ALVES DE MOURA;64 B, FUNDOS;LAGES;RJ;PARACAMBI;26.600-000;10 as 18h;10 as 14h;bikex_pbi;;;
W00153;MECÂNICO;COCATO BIKE;47599729000190;CLEBER;11 94022 1823;R SAO JOAO, 47;47;JARDIM SAO FRANCISCO;SP;CAIEIRAS;07.700-020;08 as 17h;08 as 17h;cocato_bike;;ELIS;JOABE
W00154;MECÂNICO;OTAVIO BIKE;37756917000120;OTAVIO;73 988375289;AV. VALTER PASSOS;186;CENTRO;BA;UBAITABA;45.545-000;08 as 12 e das 13:30 as 17:30h;08 as 12h;luizotavio.mtb;;;
W00155;MECÂNICO;TEIXEIRA BIKES;37168212000192;GLEIDSON;24 993046121;R PAULINO GOMES DA COSTA;122;SANTA AMALIA;RJ;VASSOURAS;27.700-000;09 as 18:30h;09 as 13:30h;oficinadebikesteixeira;;;
W00156;MECÂNICO;DAS´BIKE;16975853000189;FERNANDO;51996787692;AV ALBERTO PASQUALINI;239;CENTRO;RS;MINAS DO LEÃO;96.755-000;08 as 12 e das 13:30 as 18h;08 as 12h;oficinadasbike;;;
W00158;MECÂNICO;GAGAU BIKES;30698992000133;VALTER;;R ENGENHEIRO OSVALDO BRITO;154;CENTRO;BA;RIBEIRA DO POMBAL;48.400-000;08 as 18h;08 as 13h;gagaubike;;;
W00159;MECÂNICO;OFICINA ADS BIKE;19149693000107;ANSELMO;35 99957 6130;AV. JOSÉ INÁCIO DE SIQUEIRA;302;SAO MIGUEL;MG;PASSA QUATRO;37.460-000;09 as 12:30h e das 13:30 as 18h;09 as 12h;oficinaadsbike;;;
W00160;MECÂNICO;TRILHA DO CICLISTA;21152135000142;TIAGO;61 986445170;CND 04 LOTE 13 LOJA 04;SN;TAGUATINGA NORTE;DF;BRASILIA;72.120-045;08:30 as 18h;08:30 as 13h;trilhadociclista;trilhadociclistadf@gmail.com;Elis;Camila
W00164;MECÂNICO;FIT BIKE AMPERE;46946122000176;MARCIO;46 991349854;AV RIO BRANCO;455;SAO FRANCISCO;PR;AMPERE;85.640-000;08 as 12 e das 13:30 as 18h;-;marciomar.mec;;;
W00165;MECÂNICO;DOETHE CICLI;13201708000152;MARCOS;83 996773022;R ANTONIO BATISTA;134;CENTRO;PB;PIRPIRITUBA;58.213-000;07 as 18h;07 as 17h;marcosteogenes;;;
W00167;MECÂNICO;DINISIO BIKES;29549543000144;DINISIO;34 998127542;R CANADA;180;NACOES;MG;SERRA DO SALITRE;38.760-000;09 as 19h;-;dinisio_bikes;;;
W00168 ;MECÂNICO;CLEVER BIKE REPAIR;47770790000158;CLEVERSON;54 99118 4347;R PONTAO;354, CASA;ANNES;RS;PASSO FUNDO;99.020-480;8h as 11:45h e das 13:30h as 18:00h;-;clever_bike_repair;MECCLEVERBR@SOULCYCLES.COM.BR           ;Jonas;Lucas
W00169;MECÂNICO;BETO BIKE;48784071000159;PAULO ROBERTO;24 98118 8586;PC XV DE NOVEMBRO;452;CENTRO;RJ;VALENÇA;27.600-000;08:30 as 12:30h e das 14:30h as 18h;08:30 as 12h;beto.bike_;;;
W00170;MECÂNICO;WR BIKES;47604621000148;WILLIAM;64 99291 5351;AV 24 DE OUTUBRO;"663, QUADRA 102;LOTE 33A";CENTRO;GO;IPORA;76.200-000;08 as 18h;08 as 12h;wiliam_r_mendes;;;
W00171;MECÂNICO;BICICLETANDO STORE;40911249000173;CAMILA;31 99790 6405;R JHENIFER NAIARA AGUIAR;1176;PAULO CAMILO;MG;BETIM;32.667-538;9 as 18h;15 as 18h;bicicletandostore;;ELIS;Camila
W00172;MECÂNICO;THIAGO BIKE SERVICE MG;31512430000116;THIAGO;38998477330;R GOIAS;1573;BOA VISTA;MG;SETE LAGOAS;35.700-085;08 as 17h;-;thiagobikeservice;;;
W00173;MECÂNICO;JOE MTB;32313499000183;JOSIMAR (JOE);34 99803 2663;R MARIA HELENA CARNEIRO;120;LOTEAMENTO DONA ADELIA;MG;ARAXA;38.182-652;08 as 18h;-;joemtbvilena;;;
W00878;MECÂNICO;M&M BIKE & SERVICE;53.634.860/0001-43;MARCIO;62 999836746;AV CACULE;SN, QUADRA 04, LOTE 10;SETOR PLANALTO;GO;JUSSARA;76.270-000;08 as 18h;08 as 12h;mmbikeservice;;;
W00175;MECÂNICO;TAFFA BIKES;39600302000136;TAFFAREL;33 999591791;R DOS OPERARIOS;170-B;ESPLANADA;MG;CARATINGA;35.300-245;09 as 19h;09 as 13h;taffa_bikes;;;
W00176;MECÂNICO;SANTA BIKE;32426432000155;HENRIQUE;84 999746244;AV INDEPENDENCIA;1185;CENTRO;RN;PAU DOS FERROS;59.900-000;07:30 as 17:30h;07:30 as 13h;santabikepdf;;;
W00177;MECÂNICO;PIETRO BIKES CUSTOM;45444618000189;PEDRO;15 99723 2389;R JOSE MACIEL;423, LOJA ESQUINA;CENTRO;SP;ANGATUBA;18.240-000;10 as 17h;10 as 13h;pietrobikescustom;;;
W00178;MECÂNICO;PEDRO MECANICO;43907380000155;PEDRO;31997273973;R CARLOS MARQUES;200;GUARAPIRANGA;MG;PONTE NOVA;35.430-206;09 as 18h;-;_pedro_mtb_;;;
W00179;MECÂNICO;BIKE NIGHT SERVICE CENTER;44959279000100;LEONARDO;38 98801 1587;R PAULA VIEIRA;882;PRESIDENTE;MG;DIAMANTINA;39.100-000;13:30h as 20h;-;bikenightservicecenter;celsodiskchaves@gmail.com;ELIS;JOABE
W00180;MECÂNICO;ARO BIKE;19895635000122;EDER;84 99701 9906;R DO LITIO;200, LOJA 2;LAGO NOVA;RN;NATAL;59.076-370;08:30 as 18h;08 as 12h;aro.bike_;;;
W00185;MECÂNICO;BIKE BROTHERS MG;29295174000100;EDGAR;34 99310 7748;AV BAHIA;412, LOJA B;CENTRO;MG;ARAGUARI;38.440-188;08:30h as 18:30h;08:30 as 12:30h;bikebrothersari;;ELIS;ALEX
W00186;MECÂNICO;OFICINA CELSO BIKES;48899489000101;CELSO;11 99861 3433;R ANTONIA VEIGA RUIZ;122;VILA MOGILAR;SP;MOGI DAS CRUZES;08.773-060;10 as 18h;-;oficina_celsobikes;;;
W00188;MECÂNICO;OFICINA DE BIKE ALTO GIRO;41183699000150;FABRICIO;83987166261;R CICERO PEREIRA DE FARIAS;273;CENTRO;PB;BOA VISTA;58.123-000;07 as 18h;07 as 12h;oficinadebikealtogiro;;;
W00189;MECÂNICO;TOTAL BIKE;11330179000161;PAULO;34 991622628;R COROMANDEL;11;COHAB;MG;VAZANTE;38.780-000;08:30 as 18h;08:30h as 12h;pauloharoeira;;;
W00190;MECÂNICO;POWER BIKE MARIANA;34919110000173;DIEGO;31986272935;RUA ACRE;140;SAO SEBASTIAO;MG;MARIANA;35.424-330;08:30 as 18h;09 as 13h;powerbikemanutencoes;POWERBIKEMANUTENCOES@GMAIL.COM;;
W00191;MECÂNICO;ELITE BIKE SERVICE;36397540000106;PAULO;47 999386446;R PASTOR ALBERT SCHNEIDER;1988;BARRA DO RIO CERRO;SC;JARAGUA DO SUL;89.260-487;09 as 18h;-;elite.bikeservice;;;
W00192;MECÂNICO;18 BIKERS;44854918000173;EDUARDO;53 99135 0465;AV FERNANDO OSORIO;2237;TRES VENDAS;RS;PELOTAS;96.065-550;08 as 18h;-;18bikers;;Elis;Joabe
W00194;LOJA;CONSERTA BIKE BIRIGUI;46185606000140;MARCELO;18 981836336;R SILVIO VIEIRA COELHO;997;VILA STAFF;SP;BIRIGUI;16.200-287;08 as 18h;08 as 14h;;;;
W00196;LOJA;CYCLE SAO CRISTOVAO;OO463377000187;MARCOS;21 993144483;AV LUCIO MEIRA;453;VARZEA;RJ;TERESOPOLIS;25.953-000;09 as 18:30h;09 as 18:30h;;;;
W00197;MECÂNICO;GRBIKE;48837596000105;GUSTAVO;84991532099;R TENENTE PEDRO RUFINO DOS SANTOS;7;MONTE CASTELO;RN;PARNAMIRIM;59.146-160;08 as 18h;08 as 18h;grbike10;;;
W00200;MECÂNICO;VELOZINHO BIKE;49070996000109;JUNIOR;42 999663410;RUA JOAO CANDIDO FERREIRA;842 CASA;RIO BONITO;PR;IRATI;84503425;08 as 18h;-;velozinhobike;VELOZINHOBIKE@GMAIL.COM;Elis;
W00202;LOJA;LACERDA BIKE SHOP;86494507000164;ISRAEL;32 999318989;AV PRESIDENTE JUSCELINO KUBITSCHEK;151, LOJA 01 E 02 E N 171;CENTRO;MG;MURIAE;36.880-034;08 as 18h;08 as 12h;;;;
W00207;LOJA;CICLES RENAN CONCEPT;4961836000103;RENAN;46 32631571;R RUA OLIMPIO CARVALHO DE LIMA;184;CENTRO;PR;PALMAS ;85.555-000;08:30 as 18h;08 as 12h;;;ELIS;JOABE
W00208;LOJA;MF BIKE;32519917000193;FABRICIO;33 988257199;AV SIDONIO OTONI;2181;JARDIM SERRA VERDE;MG;TEOFILO OTONI;39.801-500;08 as 18:30h;9 as 13h;;;;
W00212;LOJA;DIPEDAL BIKE SHOP;46266564000171;NILDO;35 999763086;PC DA PADROEIRA;63;CENTRO;MG;BOM SUCESSO;37.220-000;08:30 as 18:30h;08:30 as 12h;;;;
W00213;LOJA;CONSERTA BIKE CASTANHAL;47196895000145;NAILTON;91 981704341;R COMANDANTE FRANCISCO DE ASSIS;3128;IANETAMA;PA;CASTANHAL;68.744-585;08 as 18h;08 as 12:30h;;;;
W00214;MECÂNICO;CITY BIKES;31734501000125;HAROLDO;18 99129 2388;AV ANCHIETA;188;CENTRO;SP;PALMITAL;19.970-054;08 as 18h;08 as 13h;citybikespalmital;;;
W00215;MECÂNICO;REVOLUTION  BIKE SHOP;24697758000199;ALAN;19 989908912;R CAMPOS SALLES;239C, FUNDOS;VILA SAO SEBASTIAO;SP;VALINHOS;13.271-000;09 as 18h;09 as 13h;alan.vieira001;;;
W00217;LOJA;PANAMBIKE;42176892000126;LEOMAR;55 991297643;R ELIAS CHRISTIANO LASCH;53;CENTRO;RS;PANAMBI;98.280-000;08 as 18h;08 as 12h;;;;
W00218;LOJA;TB SPORTS BIKES;34008456000110;THULLIO;34 999787275;R FRUTAL;840;CENTRO;MG;ITURAMA;38.280-000;09 as 18h;09 as 12:30h;;;ELIS;JOABE
W00220;LOJA;ANGELS BIKE REPAIR;42698695000177;GUSTAVO;48 991800001;EST GERAL COSTEIRA DA ARMACAO;120;COSTEIRA ARMACAO;SC;GOVERNADOR CELSO RAMOS;88.190-000;08 as 18h;08 as 12h;;;;
W00222;LOJA;FAST FOX BIKES;42827628000105;ROBERTO;51 993050035;AV CORONEL FREDERICO LINCK;419;IDEAL;RS;NOVO HAMBURGO;93.336-001;08:30 as 18:30h;08:30h as 12h;;;;
W00223;LOJA;ARGENTINO BIKE;9066178000100;JOILSON;14 991932629;AV JOSE HORACIO MELLAO;1444;JD PROGRESSO;SP;SAO MANUEL;18.650-000;08:30 as 18h;08:30 as 12h;;;;
W00224;LOJA;DLB BIKES;14273530000118;DANIEL;47 991718116;R 28 DE AGOSTO;502, SALA 02;NOVA ESPERANCA;SC;GUARAMIRIM;89.270-000;09 as 19h;08 as 12h;;;;
W00230;LOJA;CONSERTA BIKE ALAGOINHAS;40397136000100;RODRIGO;75 999997977;PC BARAO DE RIO BRANCO;50;CENTRO;BA;ALAGOINHAS;48.000-183;08 as 18h;08 as 14h;;;;
W00231;LOJA;BIKE KOM;41955429000110;NATHALIA; 32 999007553;R IMACULADA CONCEICAO;100, LOJA C;CENTRO;MG;CARANDAI;36.280-000;09 as 18h;09 as 13h;;;ELIS;JOABE
W00232;LOJA;CYCLEX BIKE SHOP GUARULHOS;42463108000160;WELLINGTON;11 953091515;AV SALGADO FILHO;1903;CENTRO;SP;GUARULHOS;07.115-000;09 as 18h;09 as 17h;;;;
W00234;LOJA;VADE BIKE;37208186000189;MARCOS;37 999849656;AV JOSE ULISSES DE OLIVEIRA;363;BELA VISTA;MG;SANTO ANTONIO DO MONTE;35.560-000;08 as 18h;08 as 12h;;;;
W00235;LOJA;PRO BIKE;29735126000196;LEANDRO;19 991104051;AV DR. RODRIGUES ALVES;157, B;CENTRO;SP;CAPIVARI;13.360-000;09 as 18h;09 as 12h;;;;
W00237;LOJA;DIRTBIKE;16612792000195;SERGIO;35 984021243;AV FRANCISCO SALLES;969, FARMACIA;CENTRO;MG;POCOS DE CALDAS;37.701-700;09 as 18h ;08 as 12h;;;;
W00239;LOJA;TAQUARI BIKE SHOP;34627011000118;ANDERSON;14 997286095;R MARECHAL FLORIANO PEIXOTO;775;CENTRO;SP;TAQUARITUBA;18.740-000;08 as 18h;08 as 16h;;;;
W00240;LOJA;BUXA BIKES STORE;39616507000100;ADRIANO;54 999551849 / 54 32824065;RUA 1 DE JANEIRO;431;SAO JOSE;RS;CANELA;95.680-000;08:30 as 18:30;09 as 16h;;;ELIS;JOABE
W00241;LOJA;BUGUELO BIKES;19641017000156;RAFAEL;46 999036974;AVENIDA MEXICO - ESQUINA COM RUA JOSE DE ALENCAR;515, SALA 01;SAO FRANCISCO XAVIER;PR;DOIS VIZINHOS;85.660-000;8:30 as 11:50 e das 13:20 as 19h;08 as 12h;;;;
W00245;LOJA;PEDAL BLU BIKE SHOP;34.673.469/0001-03;ADELICIO;47991262910 / 33388922;R DOUTOR PEDRO ZIMMERMANN;6987, LOJA 01;ITOUPAVA CENTRAL;SC;BLUMENAU;89.068-000;07:30 as 12 e das 13 as 18h;07:30 as 12h;;;;
W00247;LOJA;FLASH BIKE;35815613000161;GIOVANNI;19991885755 / 983280195;AV DOUTOR ALBERTO SARMENTO;591;BONFIM;SP;CAMPINAS;13.070-711;09 as 18h;09 as 13h;;;;
W00836;LOJA;STRONG BIKE ;50.486.102/0001-37;RICARDO;41 988264417;R DOM PEDRO I;531;AGUA VERDE;PR;CURITIBA;80.620-130;09 as 19h;09 as 14h;;;;
W00250;LOJA;CICLO MANIA;5509844000186;EDUARDO;19 993424590 / 994280318;R 25 DE DEZEMBRO;832;JD DOS SCURSONIS;SP;COSMOPOLIS;13.150-001;08:30 as 18h;08:30 as 12h;;;;
W000HZ;LOJA;FORCE BIKE STORE;32920797000131;LEONARDO;47 999293827;R ANGELO GARDINI;80;CENTRO;SC;CAMBORIU;88.340-428;08:30 as 12 e das 13:30 as 19h;08:30 as 12h;;;;
W00254;LOJA;BIKE LOVERS;29517740000181;BRUNO;17 988228993 / 988332018;R INDEPENDENCIA;2450;BOA VISTA;SP;SAO JOSE DO RIO PRETO;15.025-095;08:30 as 18h ;08:30 as 12h;;bikelovers@soulcycles.com.br;;
W00255;LOJA;EDY BIKE SHOP;24344994000121;EDILSON;43998641068 / 32536282;Av. Roberto Conceição;35;Jardim Sao Jose;PR;CAMBE;86192-550;09 as 18:30h;09 as 14h;;;;
W00256;LOJA;AQUARIUS BIKE;38011609000139;ALEX;19 992472585 / 35623532 ;R MAJOR PEREIRA;83;CENTRO;SP;PIRASSUNUNGA;13.630-040;08 as 18h;08 as 13h;;;ELIS;JOABE
W00257;LOJA;DHBQ BIKES;34.028.610/0001-15;LUCAS;32 999719973;R MARECHAL FLORIANO PEIXOTO;14, LOJA;PONTILHAO;MG;BARBACENA;36.202-344;08:30 as 18h;08:30 as 12h;;;;
W00259;LOJA;CICLES ELITON;49579752000148;EVERTON;44 30302200 / 999459600;AV ARQUITETO NILDO RIBEIRO DA ROCHA;4148, MZNINOSALA 01;JARDIM HIGIENOPOLIS;PR;MARINGA;87.060-390;09 as 18h;09 as 13h;;;;
W00260;LOJA;BICICLETARIA LOPES;2280919000101;EDSON / NILTON;14 38151678 / 996736663;R AMANDO DE BARROS;1891;CENTRO;SP;BOTUCATU;18.602-150;08 as 18h;08 as 15h;;;;
W00262;LOJA;67 BIKESHOP;38822278000117;MARCOS;67 992368729 / 992370102 (LOJA);R QUINZE DE NOVEMBRO;2090;JARDIM DOS ESTADOS;MS;CAMPO GRANDE;79.020-300;09 as 19h ;09 as 13h;;;;
W00264;LOJA;NA TRILHA CERTA;07.611.434/0001-77;JULIANO;31 25576967 / 998695196;R RIO COMPRIDO;1387;RIACHO DAS PEDRAS;MG;CONTAGEM;32.280-070;09 as 19h ;09 as 14h;;;;
W00265;LOJA;SNS BIKE;2861156000192;SEBASTIAO;35 999019355 / 34621073;AV PREFEITO GABRIEL ROSA;256;CENTRO;MG;ESTIVA;37.542-000;08 as 12 e das 13 as 18h;08 as 13h;;;;
W00266;LOJA;SOARES BIKE CENTER;40894211000130;ORLANDO;16999754319;R PRACA PADRE PATELLA;33;CENTRO;SP;SANTA LUCIA ;14.825-000;08 as 19h;08 as 12h;;soaresbikecenter@soulcycles.com.br;Cleiton;Lucas
W00267;LOJA;GUIMEBIKE CMD;38611230000160;GABRIEL / GUILHERME;31 983078626 / 985154003;R PROFESSOR JUVENCIO POLICARPO;142;MARANHAO;MG;CONCEICAO DO MATO DENTRO;35.860.000;09 as 19h;09 as 13h;;;;
W00268;LOJA;SMK BIKE SHOP;33717352000111;SAMUEL;49 988689753;AV. JK;380;NOSSA SENHORA DE LOURDES;SC;CAMPOS NOVOS;89.620-000;08:30h as 12 e das 13:30 as 18h;08:30 as 12h;;;;
W00269;LOJA;JB BIKE SHOP;34677182000151;JOSÉ BATISTA / DANILO;73 98249 0314 / 98184 5190;R 25 DE MAIO;18;FREI CALIXTO;BA;PORTO SEGURO;45.810-000;08 as 18h;08 as 13h;;;;
W00270;LOJA;BEST BIKE;O9599593000129;JUNIOR;47 36341469;R. LUIZ BOLLMANN;887;CENTRO;SC;SÃO BENTO DO SUL;89280-250;8:30 as 18:30;8:30 as 12:30;;bestbike@soulcycles.com.br;;
W00273;LOJA;SPORT LIFE;30803369000101;EDERSON;31 995374374;PC MARIA DO ROSARIO CALDEIRA;10;CENTRO;MG;RIO PIRACICABA;35.940-000;09 as 18h;09 as 13h;;;;
W00274;LOJA;EMCICLO BIKE SHOP;26511388000189;EDEMAR;19 99983-7575;AV DOUTOR HEITOR PENTEADO;838;JARDIM NOSSA SENHORA AUXILIADORA;SP;CAMPINAS;13.075-185;09 as 18h;09 as 13h;;emciclobikeshop@soulcycles.com.br;;
W00275;LOJA;LEAL BIKE SHOP;28586440000191;CARLOS;33 991074035 / 36216022;R SAO LOURENCO;445;CENTRO;MG;NANUQUE;39.860-000;08 as 18h;08 as 12h;;;;
W00276;LOJA;FROG SHOP BIKE;46274293000104;ISA;33 999719098 / 998109098;AV OLEGARIO MACIEL;388;CENTRO;MG;CARATINGA;35.300-365;09 as 19h;08 as 12h;;;;
W00278;LOJA;BIKE WAY;OO760331000120;LEANDRO;(15) 99763-8190;AV REVERENDO JOSE MANOEL DA CONCEICAO;694;PROTESTANTES;SP;VOTORANTIM;18.111-000;08:30 as 18h;08:30 as 12:30h;;;ELIS;JOABE
W00279;LOJA;CORRENTE BIKE CENTER;28645600000126;ANDRE;27 997983025 / 997837951 / 30933025;AV MUQUI;1143;PRAIA DE ITAPARICA;ES;VILA VELHA;29.102-190;08 as 18h;08 as 12h;;;;
W00280;LOJA;UPGRADE BIKES;49195061000140;LUIS;51998152000;AV SANTOS FERREIRA;1052;MARECHAL RONDON;RS;CANOAS;92.020-478;09 as 19h;08 as 13h;;;;
W00281;LOJA;MUNDO DA BIKE;45085630000144;BELCHIOR;55 999606611;R 15 DE NOVEMBRO;750, SALA 01;CENTRO;RS;FREDERICO WESTPHALEN;98.400-000;08 as 12h e das 13:30 as 18h;08 as 12h;;;;
W00282;LOJA;GLOBAL BIKE;30788239000139;WILIAN;44 999824270 / 30906000;R JOAO MARTINS TOSTA SOBRINHO;44;JARDIM PARAISO;PR;MARIALVA;86.990-000;08 as 18h;08 as 12h;;;;
W00283;LOJA;GUERREIRO BIKES;42769493000179;JHONATAN;55 992064933;R DR PESTANA;912, SALA 01;CENTRO;RS;IJUI;98.700-000;08 as 11:45 e das 13:30 as 18:30h;08 as 12h;;;;
W00285;LOJA;ET BIKE;19959180000161;FELIPE;35 999768008;R ELISA RIBEIRO DA COSTA;50, LOJA 01;FAMILIA ANDRADE;MG;SANTA RITA DO SAPUCAI;37.540-000;09 as 12 e das 13:30 as 18h;08:30 as 12h;;;;
W00289;LOJA;VELOCE BIKE;40571388000103;ROSILDO;11 978659311 / 11981306519;RUA DOS MANECAS;340;JARDIM DA GLORIA;SP;COTIA;06.711-500;08 as 17h;08 as 13h;;;;
W00292;LOJA;EBERBIKES;23497079000103;ELIEZER;15 998588232 / 32442581;V ANTONIO LEITE DE OLIVEIRA;434, SALA 1;PAULAS E MENDES;SP;PIEDADE;18.170-000;09 as 19h;09 as 15h;;;;
W00294;LOJA;ALLES BIKE;29005897000128;ALEXANDRE;47 98812 9435;R OLAVO BILAC;758;PIRABEIRABA;SC;JOINVILLE;89.239-100;09 as 19h;09 as 13h;;;;
W00295;LOJA;TOP BIKE UDI;38140681000166;JUNIOR;34988660661 / 32321500;AV PAULO FIRMINO;541;TRIANON (LOTEAMENTO);MG;UBERLANDIA;38.412-322;08 as 18h;08 as 12h;;;;
W00296;LOJA;MT BIKES;32975325000186;MARCOS;48 996866663 / 35124604;R DO EXPEDICIONARIO;159, SALA 3;CENTRO;SC;TURVO;88.930-000;08 as 12 e das 14 as 18:30h;09 as 12h;;;;
W00300;LOJA;VELOSHOP;31629222000100;MARCIEL;51 984165258 / 999290920;AV DAS NACOES;1082, SALA 01;GUARUJA;RS;PAROBE;95.630-000;08:30 as 12 e das 13:30 as 18:30;08:30 as 12h;;;;
W00301;LOJA;MINAS BIKES;26866888000133;CASSIUS;85 987347476 ;R SENADOR POMPEU;2912;BENFICA;CE;FORTALEZA;60.025-002;08 as 18h;08 as 14h;;;;
W00302;LOJA;BIKE HOME;39606839000103;BRUNO;12 988143643 / 32097523;AV PROFESSOR SEBASTIAO PAULO DE TOLEDO PONTES;705;VILA INDUSTRIAL;SP;SAO JOSE DOS CAMPOS;12.220-380;09 as 18h;09 as 13h;;;;
W00303;LOJA;BIKE STORE;24203566000189;ITALO;34 991424920 / 36626322;AV GETULIO VARGAS;664;CENTRO;MG;ARAXA;38.183-192;08 as 19h;08 as 13h;;;;
W00304;LOJA;TOTAL BIKE - ES;2867012000143;SAULO;27 999033770 / 31293770;AV PADRE JOSE DE ANCHIETA;1285;AEROPORTO;ES;GUARAPARI;29.216-705;08:30 as 18h;08:30 as 14h;;;ELIS;JOABE
W00305;LOJA;EXPLORE BIKE SHOP;42621676000142;GUSTAVO;21 984047153 / 984722864;R PAPA PIO XII;385;FIGUEIRA;RJ;MAGE;25.901-550;08 as 18h;08 as 16h;;;;
W00306;LOJA;JF BIKE;28023053000147;JAQUELINE / FABIANO;28 999589278;AV DOMINGOS PERIM;696, LOJA 01;VILA DA MATA;ES;VENDA NOVA DO IMIGRANTE;29.375-000;07:30h as 18h;08 as 12h;;;;
W00308;FITTER;DECHICHI BIKE FIT;49523438000143;FERNANDO;35 984637019;R EDUARDO VASCONCELOS PEDERNEIRAS;160, SALA 07;CHACARA DOS CRAVOS;MG;POCOS DE CALDAS;37.701-414;08:30 as 19h;08:30 as 19h;;;;
W00310;LOJA;SPORT POINT BIKE SHOP;48099729000193;VINICIUS;14 981282230;AV PADRE SALUSTIO RODRIGUES MACHADO;1391;JARDIM UBIRAMA;SP;LENCOIS PAULISTA;18.683-471;09 as 18h;09 as 12h;;;;
W00881 ;LOJA;DT BIKE SANTA CECILIA;56.203.502/0001-74;RAFAEL;35 98760227 / 997437522;Avenida Dr. Joao Beraldo;855;CENTRO;MG;POUSO ALEGRE;37550-074;09 as 18h;08 as 12h;dtbikepa@gmail.com;;;
W00314;LOJA;RERIBIKE;12134740000108;LUAN;34 988551146 ;AV MINAS GERAIS;1334, LOJA A;CENTRO;MG;ARAGUARI;38.440-042;08:30 as 18:30h;08:30 as 13h;;;;
W00318;LOJA;ATIVA BIKE;43044948000151;FABIO;19 981711855;AV MOGI MIRIM;905;AREIAO;SP;MOGI GUACU;13.844-110;08 as 18h;08 as 13h;;;ELIS;JOABE
W00319;LOJA;RACE BIKES STORE;43879047000180;FABIO;67 981281269 / 991330444;R PONTA PORA;260, SALA 11;VILA AURORA;MS;DOURADOS;79.823-070;08 as 18h;08 as 14h;;;;
W00320;LOJA;BIKELLO BIKE SHOP;41199031000109;JORGE;42 988650770 / 988383333;AV BENTO MUNHOZ DA ROCHA NETO;3297;SAO BERNARDO;PR;UNIAO DA VITORIA;84.600-420;08:30 as 12 e das 13:30 as 18:30h;08:30 as 12:30h;;;;
W00322;LOJA;BIKE LAGOS;24623161000108;ARTHUR;22 999033744 / 26642609;R OSCAR CLARK;195, LOJA 01 E 02;CENTRO;RJ;ARARUAMA;28.979-243;09 as 18h;09 as 17h;;;;
W00324;LOJA;ZANINI BIKES;37443292000147;ANDRE;32 985092106;PC PEDRO DE OLIVEIRA;21;CENTRO;MG;ESPERA FELIZ;36.830-000;08 as 18h;08 as 12h;;;;
W00325;LOJA;CAMBUSANO BIKE STORE;27790246000160;FILLIPE;12 988362236 / 21027553;AV MIGUEL VARLEZ;466;JARDIM PRIMAVERA;SP;CARAGUATATUBA;11.660-650;09 as 18h;-;;;;
W00326;LOJA;THIAGO 2 RODAS;45973464000112;THIAGO;32 998810808 / 35180808;AV GENERAL OSORIO;183;TEJUCO;MG;SAO JOAO DEL REI;36.300-168;08:30 as 18h;08:30 as 12h;;;;
W00327;LOJA;HDC BIKE SHOP;36691495000190;CASSIO;45 999386615;AV IGUACU;1192, SALA 1;CENTRO;PR;SAO MIGUEL DO IGUACU;85.877-000;08:30 as 12 e das 13:30 as 18h;08:30 as 12h;;;ELIS;JOABE
W00328;LOJA;MACEIO BIKE SHOP;43018444000167;JUNIOR;82 998005680;R DA CODEAL;306 B, QUADRA 09;TABULEIRO DO MARTINS;AL;MACEIO;57.081-475;08 as 12 e das 13:30h as 18h;08 as 12h;;maceiobike@soulcycles.com.br;ELIS;BRUNO
W00329;LOJA;TEREZA BIKE SHOP;10494176000109;;32 984216972;AV PADRE ARNALDO JANSEN;660;SANTANA;MG;UBA;36.506-064;08 as 18:30h;08 as 12h;;;;
W00330;LOJA;BIKE SHOW;4073148000107;LUCIANO;27 999473363 / 37273685;R DUQUE DE CAXIAS;69;CENTRO;ES;SAO GABRIEL DA PALHA;29.780-000;08 as 17:30h;08 as 12h;;;;
W00331;LOJA;CICLE ITAIPU;4543373000160;CRISTIAN;21 964123398;AV EWERTON XAVIER;1725, LOJA 101;ITAIPU;RJ;NITEROI;24.340-080;09 as 18h;09 as 15h;;;;
W00332;LOJA;JAVALI BIKE SHOP;42675818000154;EDUARDO;62996957313 / 999026826;AV. BRASIL;1602, QUADRA04 LOTE 08;JARDIM ATLANTICO;GO;NIQUELANDIA;76.420-000;07 as 18h;07 as 13h;;;;
W00334;LOJA;DUMONT CICLE;22457576000115;HENRIQUE;32 991046235 / 32516976;AV GETULIO VARGAS;138;CENTRO;MG;SANTOS DUMONT;36.240-000;08:30h as 18h;08:30h as 12:30h;;;;
W00336;MECÂNICO;TECH BOX BIKE STUDIO;42629614000187;DIRCEU;31 991098917;R CORONEL GABRIEL DE ANDRADE;320;INDUSTRIAL;MG;CONTAGEM;32.235-170;09 as 12h e das 13h as 18h;09 as 13h;techboxbikestudio;;;
W00337;MECÂNICO;NIA BIKE;37543772000180;JOELISSON;81 973218577;AV ANTONIO XAVIER DE MORAIS;130, CASA;OZANAN;PE;TIMBAUBA;55.870-000;07:30 as 12 e das 14h as 18h;07:30 as 12h;nia_bike;;ELIS;JOABE
W00339;LOJA;ANTHONY BIKE´S;31179605000115;ANTHONY;11 950210102 / 916794006;RUA ABILIO PEDRO RAMOS;242;VILA NILO;SP;SÃO PAULO;02.279-000;09 as 19h;09 as 19h;;;;
W00340;LOJA;LULU BIKE SHOP;31233172000139;LUCIANO;11 999132602;R BARAO DO RIO BRANCO;219;VILA COSTA;SP;SUZANO;08.675-030;08:30 as 18h;-;;;;
W00341;LOJA;KANTTO BIKE SERVICE CENTER;42013684000106;ADRIANO;48 988448313;AV XV DE NOVEMBRO;1720, SALA 03; ;SC;ARARANGUA;88.900-021;08:15 as 12 e das 13:30 as 18h;08:30 as 12h;;;;
W00342;LOJA;WAVE BIKE;7042073000195;KARINA;11947344202;AV GOVERNADOR CARVALHO PINTO;2901, SALA 03;JARDIM JAU;SP;SÃO PAULO;03.739-000;Ter. a sex. das 09 as 18h;09 as 16h;;;;
W00343;LOJA;RODA BIKES;13623250000120;IRINEU;51 981149988;AV DOS ESTADOS;4799;CENTRO;RS;CAMPO BOM;93.700-000;08:30 as 11:40 e das 13:30 as 18:30h;08 as 12h;;;;
W00346;LOJA;ST CICLES;20122151000120;MARCELO;42 991077262 / 35228106;R RANULFFO SILVA LELL;135;SAO CRISTOVAO;PR;UNIAO DA VITORIA;84.600-010;08 as 18h;08 as 12:30h;stciclesbikeshop;;Elis;Camila
W00347;LOJA;RC BIKE PARAÍSO;43162935000187;RENATA / CLEYTON;35 91278216;AV MONSENHOR MANCINI;197;CENTRO;MG;SAO SEBASTIAO DO PARAISO;37.950-006;08:30 as 18h;08:30 as 12:30h;;;ELIS;JOABE
W00348;LOJA;MARLON BIKES;37013082000119;MARLON / BRENDA;47997732710;RUA DOUTOR ANTÔNIO HAFFNER;402;VELHA;SC;BLUMENAU;89036-662;09 as 12 e das 13 as 18:30h;08 as 12h;;;;
W00350;LOJA;MONTANA BIKE SHOP;33370960000100;PAULO;35 998575769;RUA PRUDENTE DE MORAIS;184;CENTRO;MG;CAMPO BELO;37.270-000;08 as 19h;08 as 12h;;;;
W00352;LOJA;SHOW BIKE;O5243895000109;WELLINGTON;22 998389231;R EXPED. DA PATRIA;952;S. CRISTOVAO;RJ;CABO FRIO;28.909-480;08 as 18h;08 as 12h;;;;
W00513;LOJA;CEZINHA BIKE SHOP;13427998000157;CEZAR;35 999438476;AVENIDA OLAVO PINHEIRO;111;CENTRO;MG;GUAPE;37.177-000;08:30h as 18h;08:30h as 12h;;;;
W00514;LOJA;BROTHERS BIKE PR;42762730000170;RENNAN;42 999900626 / 991540555;AV MANOEL RIBAS;4841;CONRADINHO;PR;GUARAPUAVA;85.055-010;09 as 12 e das 13:30 as 18:30h;09 as 13h;;;;
W00515;LOJA;BIKE BILL;37930397000120;LUIZ;19 998612410;RUA MOGI MIRIM;955;DESMEMBRAMENTO JOSE CITELLI;SP;CONCHAL;13.835-000;08:30 as 18h;08:30 as 12:30h;;;;
W00516;LOJA;MB BIKE SHOP;31545348000198;DILNEI;53 981311187 / 999669454;RUA SEN CORREA;597;CENTRO;RS;RIO GRANDE;96.200-600;09 as 12 e das 14 as 19h;09 as 13h;;;;
W00517;LOJA;PEDAL CLUB;40658210000196;ANDRE;71 993516600;AV NOIDE FERREIRA DE CERQUEIRA;7117;LAGOA SALGADA;BA;FEIRA DE SANTANA;44.082-225;08 as 19h;08 as 15h;;;ELIS;JOABE
W00518;LOJA;MUNDIAL BIKE;36630106000116;BRUNO;37 991220007;R SANTOS DUMONT;897;NOSSA SENHORA DE FATIMA;MG;BAMBUI;38.900-000;08 as 19h;08 as 13h;;;;
W00520;LOJA;ABC BIKE;4967834000121;AMIRALDO;35 34651276 / 991808768;R BAHIA;50;MAGIOLI;MG;MONTE SIAO;37.580-000;08:30 as 18:30h;08:30 as 13h;;;;
W00535;LOJA;CICLO SPORTS;19817816000130;YAN;31 997533988;AVE WILSON ALVARENGA DE OLIVEIRA;68;CENTRO;MG;BARAO DE COCAIS;35.970-000;08:30 as 18h;08 as 12h;;;;
W00536;LOJA;KEPP'S BIKE SHOP;8740355000129;LUCAS;11 44922376;AVENIDA BENEDICTO CASTILHO DE ANDRADE;1330;PQ. RES. ELOY CHAVES;SP;JUNDIAI;13.212-070;09 as 18h;08:30h as 14h;;;;
W00538;LOJA;AUTO PEDAL;83426874000132;AISHA / ALCIDIR;49 999028288;RUA DOM VICENTE GRAMAZIO;185;CENTRO;SC;CAPINZAL;89665-000;08:30 as 12 e das 13:30 as 18h;08 as 12h;;;;
W00539;LOJA;CYCLOMOVE;50797775000108;RODOLFO;11 940691204 / 25645536;RUA ADOLFO BASTOS;1181;VILA BASTOS;SP;SANTO ANDRE;09.041-000;09 as 19:30h;09 as 17h;;;;
W00540;LOJA;XCO BIKES;12825455000125;JONATHAN;12981512630 / 30287937;AV MADRE TERESA;601;CENTRO;SP;SAO JOSE DOS CAMPOS;12.245-680;08 as 18h;09 as 14h;xcobikes;;ELIS;JOABE
W00541;MECÂNICO;KOM'BIKES;31551009000114;ANDRE;19 993277368;R VIGATO;40;JARDIM EUROPA;SP;JAGUARIUNA;13.914-000;08 as 18h;-;kombikes_andre;;;
W00543;LOJA;SPEED BIKE;1578299000129;DAVID;19 995282686;AV DR JOSE F DE AZAMBUJA;835;VILA DANIEL;SP;PORTO FERREIRA;13.660-114;07 as 18h;09 as 13h;;;;
W00544;MECÂNICO;STUDIO ROBERT BIKE SERVICE;48655585000104;ROBERT;34 996441757;R. ANTONIO ALMERIO AMORIM;50;SÃO FRANCISCO;MG;PATOS DE MINAS;38702-030;09 as 19h;-;robert_bike_service_;;;
W00545;LOJA;JO BIKE SHOP;19449268000133;JONATAS;16 997484050;AVENIDA EMILIO CALIL;500;CONJUNTO RESIDENCIAL IPIRANGA;SP;TAQUARITINGA;15.902-204;08:30 as 11:30 e das 13h as 18:30h;09 as 13h;;;;
W00546;LOJA;IN BIKE;47398431000111;ITALO;14 991365547 / 997479540 / 38820111;RUA EMILIO CANI;1015;VILA SANTA THEREZINHA DE MENINO JESUS;SP;BOTUCATU;18.606-730;09 as 19h;08 as 14h;;;;
W00547;LOJA;NENBIKE;49014144000196;ALEX;64 996171223;AVENIDA  PRIMEIRA AVENIDA;57;SETOR OESTE;GO;MINEIROS;75.830-221;08 as 18h;08 as 13h;;;;
W00548;LOJA;Z5 BIKE SHOP;27988238000123;RAFAEL;71 992512811 / 35992666;R GARIBALDI;SN / TERREOLOJA 30 TERREOLOJA 31;BOA UNIAO (ABRANTES);BA;CAMACARI;42.827-970;08 as 18h;07 as 14h;;;;
W00549;LOJA;BETO BICICLETAS;14801828000153;FELIPE;66 992412733;R LEONARDO VILAS BOAS;227, QUADRA8 LOTE 10;CAMPINAS;MT;BARRA DO GARCAS;78.600-000;08 as 11:30 as 13:30 as 18h;08 as 12h;;;ELIS;JOABE
W00551;LOJA;PRIME BIKE & ADVENTURE;26033984000109;PAULO;48 988084548;AV DR. JOAO RIMSA;400;CENTRO;SC;IMBITUBA;88.780-000;8:45 às 12h e das 13:30 às 18:15h;09 as 12:30h;;;;
W00553;MECÂNICO;NA BIKE OFICINA;45611256000173;ANDRE;31971785897;AV QUINTA AVENIDA;175;VALE DO SOL;MG;NOVA LIMA;34.011-093;08 as 18h;06 as 14h;andrefgreco;;;
W00554;LOJA;NEW WORLD BIKE;39421951000170;BENILIO;71 991645800 / 77 998056449;PC ARMINDO AZEVEDO;344, LOJA;CENTRO;BA;BRUMADO;46.100-000;08 as 12 e das 14 as 19h;08 as 13h;;;;
W00555;MECÂNICO;FERREIRA BIKE SERVICE;34054540000170;GABRIEL;33 991430529;R DOS IPES;283;ALTINOPOLIS;MG;GOVERNADOR VALADARES;35.053-320;08:30 as 12 e das 13:30h as 18:30h;-;ferreirabikeservice;;;
W00556;LOJA;PEDALOKOS;48289688000106;FABIO;51 984708484 / 992655389;AV VINTE E CINCO DE JULHO;415, AP 05;FIAO;RS;SAO LEOPOLDO;93.020-560;08 as 18h;08 as 13h;;;;
W00557;MECÂNICO;MAGRELAS OFICINA DE BIKE;38635182000140;EDVALDO;11 951642963;10 R RADIALISTAS;25;JARDIM EUROPA;SP;VARGEM GRANDE PAULISTA;06.730-000;08 as 12 e das 13 as 19h;-;edvaldodh;;;
W00558;MECÂNICO;BIKE ENGINEER;24717193000164;AURELIO;12 98811 2060;R JOAO EUGENIO DE SOUZA;411;JARDIM TERRAS DE SAO JOAO;SP;JACAREI;12.334-480;09 as 18h;09 as 15h;bikeengineer.jacarei;;;
W00559;MECÂNICO;STUDIO BIKE MANDUCA;50143090000148;VINICIUS;16 996284445;AV DUQUE DE CAXIAS;1144;CENTRO;SP;JABOTICABAL;14.870-060;09 as 18h;09 as 11:30h;studio_bike_manduca;;ELIS;JOABE
W00562;LOJA;WIL BIKE SHOP;13680997000110;WILSON;35 984683714;R FLORIANO PEIXOTO;46;CENTRO;MG;PARAGUACU;37.120-000;09 as 12 e das 13 as 18h;08 as 12h;;WILBIKESHOP@PROIMPORT.COM.BR;;
W00563;MECÂNICO;BIG MOTOS BIKE;9257834000151;FABRICIO;43 99910 6270;R ORLANDO ORESTE PITARELO;25;CENTRO;PR;QUATIGUA;86.450-000;08 as 18h;08 as 12h;bigmotosbike;MLCICOGNINI@HOTMAIL.COM;;
W00565;MECÂNICO;BIKE GURUS;41096945000136;OSWALDO;11 98175 7587;RUA JOSÉ AFONSO DE CARVALHO;259;VILA MADALENA;SP;SÃO PAULO;05.083-130;09 as 13 e das 14h as 18h;09:30 as 12h;bikegurusbr;;ELIS;BRUNO
W00566;LOJA;PANÇA BIKE SHOP;17485033000171;SEBASTIAO;35 988444384 ;AV LINCOLN WESTIN DA SILVEIRA;1607, GALPAOUM;CENTRO;MG;ALFENAS;37.130-129;08:30h as 11:30 e das 13 e das 18:30;08:30 as 12:30;;;;
W00567;LOJA;PRIMME BIKE ESPORTE;42734808000142;KLEBER;11 910107686 / 998704068;AVENIDA ARNALDO RODRIGUES BITTENCOURT;904, LOJA 01;CENTRO;SP;BARUERI;06.401-125;10 as 19;09 as 15h;;;;
W00568;LOJA;NEW WORLD BIKE;7186977000194;LEONES;71 988218156 / 33476588;R BARRO VERMELHO;41, EDIF CENTRO EMP RIO VERMELHO LOJA 01;RIO VERMELHO;BA;SALVADOR;41.940-340;09 as 18h;09 as 14h;;;;
W00572;LOJA;JW BIKES ;30340951000170;JOANDERSON;22 999815692 / 997611207;R PAULINO GOMES DA COSTA;164;CAMPO REDONDO;RJ;SAO PEDRO DA ALDEIA;28.942-224;09 as 12 e das 13:30 as 18h;09 as 13h;;;ELIS;JOABE
W00573;LOJA;BIKE CICLE;7179721000150;FERNANDA;12 997858304 / 39343701;AVENIDA CASSIOPEIA;247;JARDIM SATELITE;SP;SAO JOSE DOS CAMPOS;12.230-011;09 as 18:30h;-;;;;
W00574;LOJA;PEDAL PLUS;14032917000182;MAURICIO;33 988502577 / 988123462;RUA PROFESSOR JUVENTINO NUNES;306;CENTRO;MG;MANHUACU;36.900-040;09 as 19h;09 as 13:30h;;;;
W00575;LOJA;RUSH BIKE AMERICANA;40810572000150;CAIQUE / EDUARDO;19 981111819 / 993636415;RUA TUPIS;1515;CENTRO;SP;SANTA BARBARA D'OESTE;13.457-050;08 as 18h;08:30 as 13h;;;;
W00577;LOJA;DM BIKE SHOP ;16443923000158;DIANGO;47 996055612;p;490;CENTRO;SC;ITUPORANGA;88.400-000;08:30 as 12 e das 13:30 as 18h;08:30 as 12h;;;;
W00578;LOJA;CICLO LIVRE BIKE SHOP;30514097000111;NARCISIO;85 985226550 / 21800448;AV GODOFREDO MACIEL;720;PARANGABA;CE;FORTALEZA;60.710-000;09 as 19h;09 as 14h;;;;
W00579;LOJA;LUCAS BIKES;42837130000123;LUCAS;61 991212922;AC 2 LOTE 07 ;S/N;RIACHO FUNDO I;DF;BRASILIA;71.810-200;08 as 19h;08 as 16h;;;ELIS;ALEX
W0057A;LOJA;PEDDALA OFICINA DAS BIKES;39753671000169;LUIS CARLOS;48 991082863;RUA ANANIAS GUSTAVO DO NASCIMENTO;36, LOJA 01;CENTRO;SC;GAROPABA ;88.495-000;08 as 18h;08 as 12h;;;ELIS;JOABE
W0057B;LOJA;BIKE AVENTURA RN;4725866000110;JOSMAR;84 99903 0208;AV NASCIMENTO DE CASTRO;1795, LOJA 08;LAGOA NOVA;RN;NATAL;59.054-180;08:30 as 18:30h;09 as 13h;BIKEAVENTURA@TERRA.COM.BR;;;
W0057C;LOJA;CENTER BIKE;27291328000160;JOAO;35999348890;AVENIDA SENADOR BUENO BRANDAO;32;CENTRO;MG;ANDRADAS;37.795-000;07:30 as 18h;07:30 as 13h;;;;
W0057G;LOJA;WORLD BIKE TRÊS PONTAS;43660112000181;ADRIANO;35 999813986 / 997076011;AV CAIO DE BRITO;367;CENTRO;MG;TRES PONTAS;37.190-000;09 as 18:30;09 as 13h;;;;
W0057H;MECÂNICO;PAULUK MECHANIC CYCLE;27072762000150;JOAO PAULUK;19 999282347;R FRANCISCO CORREA DE BARROS;507;JARDIM ;SP;RIO DAS PEDRAS;13.390-019;09 as 11:30 e das 13h as 18h;09 as 12h;paulukmechaniccycle;;;
W0057J;LOJA;ESTRELA BICICLETAS;13160101000171;JAYME;67 984128314;RUA SANTO ANGELO;466;CORONEL ANTONINO;MS;CAMPO GRANDE;79.011-290;08:30 as 18h;08:30 as 11h;;;;
W0057K;LOJA;STATION BIKE;18176758000140;JHONE;16 993162343;RUA VOLUNTARIOS DA FRANCA;365;ESTACAO;SP;FRANCA;14.405-103;08:30 as 18h;09 as 14h;;;;
W0057L;LOJA;TARTA BIKE;O8018765000160;EVERALDO;41999812770 / 36435944;RUA ROQUE SAAD;82;FAZENDA VELHA;PR;ARAUCARIA;83.704-670;09 as 18h;09 as 13h;;;ELIS;JOAB
W0057M;LOJA;SPECIAL BIKE SHOP ;18087481000180;MARCELO;32 999744646 / 34412043;RUA CEL OLIVIER FAJARDO;248;CENTRO;MG;LEOPOLDINA;36.700-000;09 as 19h;08 as 13h;;;;
W0057P;FITTER;VAL CARVALHO BIKE FIT;44986540000161;EDVALDO;16 997530158;AV COSMO INFORCATTI;200;PARQUE COSMO;SP;MONTE ALTO;15.910-000;09 as 21h;09 as 15h;val_carvalho_bike_fit;;;
W0057R;LOJA;PARABIKE PA;13393781000173;SILVANDRE;93 991657584 / 999450767;AVE ENGENHEIRO FERNANDO GUILHON ;312;SANTARENZINHO ;PA;SANTAREM;68.035-000;07:30 as 18h;07:30 as 18h;;;;
W0057S;LOJA;MTB CENTER;2760735000149;ELMO;38 991578726;PRACA SEBASTIAO ALVES;137;CRUZEIRO AZUL;MG;TURMALINA;39.660-000;07:30 as 18h;07:30 as 14h;;;;
W0057T;FITTER;ORSO BIKE FIT;33123769000156;KATIELE;54 992415251;R GOMES JARDIM;477;SANTANA;RS;PORTO ALEGRE;90.620-130;08 as 12 e das 15 as 20h;9 as 12h;;;;
W0057U;LOJA;MAKUNAY BIKE SHOP;47995720000106;LUCAS;62 985121750 / 983187390;AVENIDA SAO LUIZ;"537, QUADRA 07; LOTE 20; SALA 4 e 5;";VILA SANTA RITA - 5A ETAPA;GO;GOIANIA;74.370-582;08 as 18h;08 as 12h;;;;
W0057W;FITTER;IGOR GIL BIKE FIT;34274161000195;IGOR;19 991732111;R CEARA;134;VILA CRISTOVAM;SP;LIMEIRA;13.480-565;08 as 21h;09 as 11h;;;;
W0057X;LOJA;PONTO DA BIKE;39926922000160;GUSTAVO;34 997783799;AV IMBIARA;1540;CENTRO;MG;ARAXA;38.183-244;08 as 19h;08 as 13h;;;;
W00580;LOJA;SMS BIKE SHOP;43985976000173;ALESSANDRO;21 967002760 / 971101942;R ARGENTINA;110, LOJA 06;METROPOLE;RJ;NOVA IGUACU;26.215-240;09 as 18h;09 as 13h;;;;
W00581;LOJA;RIBEIRO BIKE TECH;26105187000181;RUAN;24 999983075 / 33716458;R JOSE DO PATROCINIO;761;PQ DA MANGUEIRA;RJ;PARATY;23.970-000;10 as 17h;10 as 14h;;;;
W00582;LOJA;CONSERTA BIKE VALINHOS;23702063000195;ALEX;19 981499832 / 11 951271212 /999101210  ;R FRANCISCO GLICERIO;698, FUNDOS1;VILA EMBARE;SP;VALINHOS;13.271-200;09 as 18h;09 as 13h;;;;
W00583;FITTER;EDI FIT STUDIO E BIKE SHOP;47379439000130;EDINEY;67 32137365;RUA MARQUES DE LAVRADIO;626;JARDIM SAO LOURENCO;MS;CAMPO GRANDE;79.041-340;08 as 18h;08 as 13h;;;;
W00584;LOJA;LOTTUS BIKE;2561654000110;MARCELO;67 999985914;AV MATO GROSSO;522, LETRA B;VILA ANGELICA;MS;JARDIM;79.240-000;08 as 11:30 as 13 e das 17:30h;08 as 12h;;;;
W00585;LOJA;LE BICI BIKE SHOP;20319741000147;VIRGILIO;18 981365066 / 32236607;R PEDRO LEME;53;VILA CLAUDIA GLORIA;SP;PRESIDENTE PRUDENTE;19.015-700;08 as 18h;08 as 12h;;;ELIS;JOABE
W00588;LOJA;COELHO BIKE PECAS;25160724000123;RONALDO;35 991335720 ;R SETE DE SETEMBRO;1374;CENTRO;MG;MUZAMBINHO;37.890-000;08 as 18h;08 as 12h;;;;
W00591;LOJA;BIKE MANIA;39160148000129;JOAO CARLOS;24 999911881 / 33653455 / 999911844;R ARCEBISPO SANTOS;131;CENTRO;RJ;ANGRA DOS REIS;23.900-010;09 as 18h;09 as 13h;;;;
W00594;LOJA;CRUZEIRO BIKE SPORTS ;64128754000295;SIDNEI;18 981052043 / 36520079;R ALTINO VAZ DE MELLO;347;CENTRO;SP;PENAPOLIS;16.300-035;08:30 as 18h;08:30h as 13h;;;;
W00595;LOJA;DIAS BIKE E MOTO;19012161000123;JOSE ROBERTO;44 984132727 / 32520033;R GOV. BENTO MUNHOZ DA ROCHA NETO;521;CENTRO;PR;NOVA ESPERANCA;87.600-000;08 as 18h;08 as 12:30h;;;;
W00596;LOJA;HF STUDIO BIKE FIT ;37812147000196;HALYSSON;34 998208037 ;R FRANCISCO RAMOS;138;CONSTANTINO;MG;PATROCINIO;38.747-002;09 as 18:30h;10 as 13:30h;;;ELIS;JOABE
W00597;LOJA;GARAGEM BIKE ;47847384000146;CLEITON;77 991953010;R BENEDITA DIAS;78, LOJA;VILA RECREIO;BA;JACARACI;46.310-000;09 as 12 e das 13 as 18h;09 as 12h;;;;
W00598;LOJA;CENTER BIKE;2143839000104;RODRIGO;33 988170116 / 34212694 / 988501127;AV GOV. MILTON CAMPOS;3137;CENTRO;MG;GUANHAES;39.740-000;08 as 18h;08 as 12h;;;;
W00599;LOJA;PEDAL TIME;17114934000157;ALEXANDRE;11 997778065 / 48232741;R CAPITAO JOSE GALLO;250;CENTRO;SP;RIBEIRAO PIRES;09.400-080;09 as 18:30h;09 as 16h;;;;
W00600;LOJA;GIROS BIKE;17197012000150;ROBERT;51 981751610;R JOAO SANNA;112, SALA 01;CENTRO;RS;ENCANTADO;95.960-000;09 as 12 e das 13:30h as 18:30h;09 as 12h;;;;
W00602;FITTER;BIKE FIT LONDRINA;43237642000111;ADRIANO;43 988122321;R SERRA NEGRA;66;BANDEIRANTES;PR;LONDRINA;86.065-220;09 as 22h;09 as 12h;bikefitlondrina;bikefitlondrina@soulcycles.com.br;;
W00603;MECÂNICO;GOLD BIKE;25267388000112;GUSTAVO;14 98125 1240;R ZULMIRA BONETTE CASSARO;155;CAMPOS ELISEOS;SP;BROTAS;17.380-000;08 as 11:30 e das 13 as 17:20h;08 as 12h;-;;;
W00604;MECÂNICO;BICICLETARIA PEDAL CILADA;43381507000145;ALEX;41 989034058;R HUMBERTO DE ALENCAR CASTELLO BRANCO;364, LOJA 5;JARDIM AMELIA;PR;PINHAIS;83.330-200;09 as 18h;09 as 14h;pedalciladapinhais;;;
W00605;LOJA;THIAGO BIKE PB;47258580000185;THIAGO;83 988997877 ;AV FRANCISCO LOPES DE ALMEIDA;446;SANTA CRUZ;PB;CAMPINA GRANDE;58.417-290;07:30 as 18:30h;07:30h as 15:30h;;;ELIS;JOABE
W00606;LOJA;ARARA BIKE;19077636000160;VINICIUS;75 992349864 / 991244756;R GOIANIA;2;PARQUE IPE;BA;FEIRA DE SANTANA;44.054-306;08 as 12h;14 as 18h;;;;
W00869;LOJA;STYLLUS BIKE;57.536.373/0001-07;MARCIO;18 996088206 / 996024565;AV DOUTOR CRESCENDIO MIRANDA;955;CENTRO;SP;OSVALDO CRUZ;17.700-000;08:30 as 12:30 e das 14:30 as 18h;09 as 12:30h;;marciobass2@hotmail.com;;
W00610;LOJA;MAIS BIKE;27.733.467/0001-05;MARCIO;71 992914632 / 31404632;R RUBENS GUELLI;68, LOJA 0002;ITAIGARA;BA;SALVADOR;41.815-135;08 as 20h;09 as 13h;;;;
W00611;LOJA;PEDAL PLACE BIKE SHOP;23083634000150;RENAN;11 994920490;AV PAULO SILVA ARAUJO;48;JARDIM SAO PAULO(ZONA NORTE);SP;SÃO PAULO;02.046-050;09 as 18h;10 as 14h;;;;
W00613;MECÂNICO;UP BIKE;26949466000121;GABRIEL;16 991425965;AV EMILIO PALUDETTO;6290;VILA HIPICA;SP;FRANCA;14.403-860;09 as 18h;09 as 14h;upbikegabralmtb;;;
W00615;FITTER;BIKE FIT FABIO DE OLIVEIRA;30152811000179;FABIO;14 99794 9843;R DOUTOR ARMANDO PIERONI;7 56;VILA RIACHUELO;SP;BAURU;17.017-050;07 as 20h;07 as 11h;;;;
W00617;LOJA;CICLES LANGNER;72140205000183;REGINALDO;41 987430258 / 33493319;R IZAAC FERREIRA DA CRUZ;886;PINHEIRINHO;PR;CURITIBA;81.870-000;09 as 18:30h;09 as 15h;;;ELIS;JOABE
W00618;LOJA;MENDES BIKE;57338600000181;MAURICIO;14 997211534 / 37320877 / 998109583;R BAHIA;691;SANTA CRUZ;SP;AVARE;18.700-090;08 as 18h;08 as 12h;;;;
W00619;LOJA;TAIADA BIKE SHOP;27201589000142;MATHEUS;12 992211916 / 32214110;R VINTE E OITO DE SETEMBRO;39, ANEXO E 41;VILA RESENDE;SP;CACAPAVA;12.282-270;09 as 18h;09 as 13h;;;;
W00620;LOJA;BICICLETARIA PLANET ARTS;10561064000115;THIAGO;14 991756091;R YOSHI SATO;163;CENTRO;SP;GUAICARA;16.430-000;08 as 17:30h;08 as 12h;;;;
W00621;LOJA;EBINHO BIKE SHOP;4475021000114;WEBER;64 984049687 / 34531167;R PROF. JOSINO BRETAS;262, QUADRA31 LOTE 09;CENTRO;GO;CALDAS NOVAS;75.680-001;08 as 18h;08 as 12h;;;;
W00622;LOJA;CONSERTA BIKE NITEROI;48199307000190;MARCIA;21 986863005 / 997608287;R MARECHAL RAUL DE ALBUQUERQUE;2, LOJA 106;CHARITAS;RJ;NITEROI;24.370-025;09 as 18h;09 as 13h;;;;
W00623;LOJA;PANTERA BIKE SHOP;38048341000100;JUNIOR;32 988237618 ;R LUCAS MAGALHAES BASTOS;58;LIONS;RJ;ITAPERUNA;28.300-000;09 as 19h;08 as 13h;;;;
W00862;LOJA;BIKE SHOP JALES;24746164000120;SAIRO;17 997913575;AV FRANCISCO JALES;3367;VILA MARIA;SP;JALES;15.706-396;08 as 18h;08 as 13h;;;;
W00626;LOJA;GANNA BIKES;32276418000112;GILVANI;54 996939189;R JULIO DE CASTILHOS;1210;CENTRO;RS;VACARIA;95.200-040;09 as 12 e das 13:30 as 18:30h;09 as 12h e das 14 as 16:30h;;;ELIS;JOABE
W00627;MECÂNICO;VICENT BIKES;47680507000105;FLAVIO;44 999844959;RUA DAS PAINEIRAS;87;CENTRO;PR;ASSIS CHATEAUBRIAND;85.935-000;08 as 12 e das 13:30h as 18h;08 as 12h;vicentebikes;;;
W00628;FITTER;SIMETRIA BIKE FIT STUDIO;41847182000118;RICARDO;47 997267035;R HIGINO AGUIAR;68;COSTA E SILVA;SC;JOINVILLE;89.219-320;08 as 22h;-;;;;
W00629;LOJA;BIKE SHOP JACINTO;34624330000170;ADILSON;33 988380101 / 988611307;R PREFEITO ANTONIO GONCALVES QUARESMA;840;CENTRO;MG;JACINTO;39.930-000;08 as 12 e das 15 as 18h;08 as 13h;;;;
W00631;LOJA;RS BIKE;29061955000130;PAOLO;49 991310331 / 991425629;R MARCILIO DIAS;2681;SAO LUIZ;SC;SAO MIGUEL DO OESTE;89.900-000;08:30 as 12 e das 13:30 as 18:30h;08 as 12h;;;;
W00632;LOJA;PET BIKE SHOP;48212693000102;PETERSON;45 998603341 / 999140266;10 R 3 DE MAIO;1665;PARQUE DOS ESTADOS;PR;SANTA TEREZINHA DE ITAIPU;85.875-000;08 as 18h;08 as 12h;;;;
W00643;LOJA;NINUS BIKE SHOP;51364603000103;RONNY;66 996573302 / 996350393;AV BLUMENAU;2895;CENTRO-NORTE;MT;SORRISO;78.890-168;07 as 18h;07 as 12h;;;;
W00644;LOJA;NEW BIKE SHOP;38240513000142;ADILTON;73 991249162 / 30264612;PC JOSE ALMEIDA DE ALCANTARA;130;CENTRO;BA;ITABUNA;45.600-325;08 as 18h;08 as 13h;;;;
W00645;MECÂNICO;CICLOVIA BIKE OFICINA;50735383000114;LUCIANO;17 98819 7341;RUA ALECRIM;41;PARQUE RESIDENCIAL FLAMINGO;SP;CATANDUVA;15.803-250;08 as 18h;08 as 12h;cicloviabikeoficina;;ELIS;JOABE
W00646;LOJA;PRO BIKE FDG;33292388000109;FELIPE;15 997970621;AV MIGUEL PETRERE;1369, ANEXO POSTO GARCIA;CAMPO GRANDE;SP;PILAR DO SUL;18.185-000;08:30 as 12:30 e das 13:30 as 17:30h;08:30 as 12:30h;;;;
W00647;LOJA;LAGOS BIKE;19544885000118;JANDERSON;62 992051184 / 39430324;AV JAMEL CECILIO;SN, QUADRA 65 LOTE 20;JK PARQUE NOVA CAPITAL;GO;ANAPOLIS;75.110-330;08 as 18h;08 as 12h;;;;
W00649;MECÂNICO;MARIO BIKE CENTER;26414997000110;MARIO;17 99635 8878;Avenida dos Arnaldos;3421;RES ANTONIA FRANCO;SP;FERNANDOPOLIS;15.601-248;08 as 18h;08 as 18h;mbcmariobikecenter;;;
W00653;LOJA;BIKESTAGE SHOP;;LUCIANO;24993010919;AV TENENTE CORONEL ADALBERTO MENDES;1574;SANTA ISABEL        ;RJ;RESENDE;27522-240;08 as 18h;08 as 12h;;;;
W00654;LOJA;DAVISON BIKE CENTER;48107330000107;DAVISON;82 99837 0207;RUA SÃO JOSE;85;CENTRO;AL;OLHO D'AGUA DAS;57442-000;08 as 18h;08 as 12h;;;;
W00655 ;MECÂNICO;TOP BIKES PE;52520276000102;FELIPE;81 995641209;RUA PROFESSOR MÁRIO RAMOS;36;BONJI;PE;RECIFE;52070-150;08 as 18h;09 as 16h;topbikespe;;;
W00656;LOJA;BIKE PRO SPORTS;44004468000120;CLEVERSON;48 991257141;R WALDEMAR OURIQUES;90;CAPOIRAS;SC;FLORIANOPOLIS;88.090-050;08 as 18h;08 as 12h;;;;
W00657;MECÂNICO;SJC Comércio de Bicicletas Ltda;37089886000100;ELIZANDRO;49991534243;ODILO ANTONIO LINK;1176;CENTRO;SC;SAO JOSE DO CEDRO;89.930-000;08:30 as 12 e das 13 as 18h;08:30 as 12h;;;ELIS;JOABE
W00682;MECÂNICO;BIKE SERVICE STORE;22655756000101;EMERSON;41 99636 1146;R SANTO ANTONIO;866;PRADO VELHO;PR;CURITIBA;80.230-120;08 as 18h;8 as 12h;bikeservicectba;;ELIS;ALEX
67;MECÂNICO;VOLNEI BIKES;10014242000198;VOLNEI;47 99606 9081;R LUIZ FRANZOI;570;MARGEM ESQUERDA;SC;GASPAR;89.110-001;08 AS 18H;8 as 12h;volneibikeshop;;;
W00687;MECÂNICO;HB BIKEZ;24927283000180;EDILSON;47 99180 5737;R CORONEL FEDDERSEN;2020 SALA 04;CENTRO;SC;TAIO;89.190-000;08 as 18h;9H A 12 E 13:30 AS 18H;hb_bikez;;;
W00689;MECÂNICO;FULL BIKES BLUMENAU;19584855000135;OTAVIO;47 99949 1012;RUA FRANCISCO VAHLDIECK;2487;FORTALEZA;SC;BLUMENAU;89052-002;9 as 18h;;fullbikesoficial;;;
W00690;FITTER;PACHECO BIKE FIT;35782438000153;RAMON;63 98115 0947;Q ARNE 12 ALAMEDA 13;8;PLANO DIRETOR NORTE;TO;PALMAS;77.006-066;09 as 18h;;;;;
W00691;MECÂNICO;NALDO BIKES;37398126000176;NALDO;69 992155059;RUA PANAMA;1537;NOVA PORTO VELHO;RO;PORTO VELHO;76820-176;08-18H;08-18H;;;;
W00692;MECÂNICO;ONE9 BIKE SHOP;39843740000125;FABIO;11 96168 0346;RUA LUIS GOIS;1343;MIRANDOPOLIS;SP;SÃO PAULO;04.043-350;09 as 18h;;;;ELIS;JOABE
W00693;MECÂNICO;NICE BIKE SHOP;23838344000170;NICE;41 30321844;AV DESEMBARGADOR CLOTARIO PORTUGAL;899;CENTRO;PR;CAMPO LARGO;83601-320;08 as 19h;08 as 13h;;;;
W00696;MECÂNICO;CICLO ZANE;23877512000136;MISAEL;42 99957 4878;AV PARANA;145;CENTRO;PR;TELEMACO BORBA;;08-18H;08-18H;;;;
W00697;MECÂNICO;SPINASSE MULTISERVIÇOS;27475060000117;WANDER;27 99530 9783;ROD BR 101 NORTE KM 201;s/n;PIRAQUEAÇU;ES;JOÃO NEIVA;29680-000;08 as 18h;08 AS 18H;;;;
W00698;FITTER;SIMETRIA BIKE FIT STUDIO;23277095000190;WILLI;11 989366300;AVENIDA IMPERATRIZ LEOPOLDINA;639;VILA LEOPOLDINA;SP;SÃO PAULO;05305-011;08-18H;08-18H;pedal.fit;;;
W00699;MECÂNICO;CS BIKES;41942036000171;SANDRA LUISA;54 999537049;AVENIDA COMANDANTE CREMER;193;CENTRO;RS;ERECHIM;99700-372;08-18h;08-18h;;contatocsbikes@gmail.com ;;
W00700;MECÂNICO;BIKE BAR CENTER;48830424000100;ALBERTO;21965973575;RUA PACHECO LEÃO ;1124;JARDIM BOTANICO;RJ;RIO DE JANEIRO;22460-030;08-18h;08-18H;;bikebardosamigos@gmail.com;;
W00701;LOJA;REAL BIKE;27901645000151;LEONARDO;24  98842 9596;RUA BARAO DO RIO BRANCO;448;CENTRO;RJ;TRES RIOS;25804-010;08 AS 18H;08 AS 18H;;;;
W00702;FITTER;FIEL BIKE FIT;48072906000148;NILSON FIEL;11 976877344;R LUDGERO JOSE DOS SANTOS;130;JARDIM SANDRA;SP;SÃO PAULO;05.860-090;08 AS 18H;08 AS 18H;;;ELIS;JOABE
W00703;MECÂNICO;MALAGRELA BIKE;40906881000129;IVAN;11996171223;Avenida Reynaldo Porcari;2460;MEDEIROS;SP;JUNDIAÍ;13212-439;08 AS 18H;08 AS 18H;;;;
W00704;LOJA;CANAA BIKE FORMOSA;11589729000161;ROGERIO;61 996871986;RUA 66 qd 50 lote 1a;1A;PARQUE LAGO;GO;FORMOSA;73813-808;08 AS 18H;08 AS 18H;;;;
W00705;LOJA;DATARO SPORTS;22860103000164;ALEX ARSENO;41 995460081;RUA EQUADOR;198;BACACHERI;PR;CURITIBA;9546-0081;08 AS 18H;08 AS 18HH;;;;
W00706;FITTER;CHICAO TRI BIKE FIT;36494096000139;CHICAO;47 999888753;RUA JOAO PESSOA;1791 sala 02;VELHA;SC;BLUMENAU;89036-005;08 AS 18H;08 AS 18H;;;Elis;Camila
W00708;MECÂNICO;KAISER BIKE CENTER;46.387.252/0001-16;KAISER;48 991555049;RUA LUIS FAGUNDES;224;PRAIA COMPRIDA;SC;SÃO JOSE;88.103-500;08 AS 18H;08 AS 18H;;kaiserbikecenter@soulcycles.com.br;;
W00709;MECÂNICO;TRILHA BIKE ;71189344000139;WAGNER;34 991025524;AV. MARCOS DE FREITAS COSTA;475;DANIEL FONSECA;MG;UBERLANDIA;38400-328;08 AS 18H;08 AS 18H;;trilha_bike@yahoo.com.br     ;;
W00221;LOJA;BIKE VIP SHOP VIX;37792987000134;BRUNO;27 998881001;PRAÇA WOLGHANO NETTO;210;JARDIM DA PENHA;ES;VITORIA;29.060-840;08 AS 18H;08 as 18h;;;ELIS;ALEX
W00713;MECÂNICO;MAYCON BIKE CENTER;24979318000124;MAYCKON;43 996547351;RUA TAPAJOS;308;VILA OLIVEIRA;PR;ROLANDIA;86.604.088;08 AS 18H;08 AS 18HH;;;ELIS;JOABE
W00714;MECÂNICO;ROGER BIKES;28412089000112;ROGER;47 33521358;Rua Curt Hering;1060;CENTRO;SC;PRESIDENTE GETULIO;89150-000;10 AS 18H;10 AS 18H;;;;
W00715;LOJA;CICLOSPORT BAURU;53381836000140;THIAGO;14 32322630;AV. DR. NUNO DE ASSIS;929;VILA SEABRA;SP;BAURU;17060-255;9 AS 18H;10 AS 18H;;;;
W00717;LOJA;MISTER BIKE ;22123396000105;CARLOS;84 988940051 / 20308395;AV PRUDENTE DE MORAIS;2754;LAGOA SECA;RN;NATAL;59.022-305;08:30 as 18h;09 as 13h;;;;
W00718;LOJA;FORTY BIKES;54665660000110;JOEL;47 34330076;R PRESIDENTE CAMPOS SALLES;321;GLORIA;SC;JOINVILLE;89217-100;8 AS 18H;8 AS 18H;;;;
W00719;OFICINA;ZOZO BIKE;54716159000136;OZORIO;47 99954-3348;RUA BLUMENAU;455;SÃO JOÃO;SC;ITAJAI;88.305-101;10 AS 18H;10 AS 13H;;ZOZOBIKE@SOULCYCLES.COM.BR;;
W00721;LOJA;PROBIKEMULTSPORTS;38973896000168;CLEVERSON;48 991257141;ROD ADMAR GONZAGA;1187;ITACORUBI;SC;FLORIANOPOLIS;88034-000;09 AS 18H;09 AS 13H;;;;
W00722;LOJA;PREMIER BIKE SHOP;_34375483000201;RICARDO MIRANDA;19 99693-6166;RUA JOAO BOTTENE;592;PIRACICABA;SP;PIRACICABA;13418-555;09 AS 18H;09 AS 18H;;;;
W00725;LOJA;TO NA TRILHA BIKE;07.765.331/0001-61;MARCUS VINICIUS;14 981616464 ;AV JOSE OCTAVIANI FILHO;455;RESIDENCIAL E COMERCIAL SANT'ANNA;SP;AGUDOS;;09 as 18:30h;09 AS 13H;;;ELIS;JOABE
W00724;LOJA;NEWBIKE7;55.375.113/0001-63;ELIAS;14 98174 1746;R. 13 de Maio;675;SANTO ANTONIO;SP;JAU;17202-180;;;;;;
W00729;FITTER;GLAUCO BIKE FIT;573219380001-20;GLAUCO;91 99241 5988;Tv. Barão do Triunfo;2998;MARCO;PA;BELÉM;66093-050;09 AS 18H;09 AS 18H;;;;
W00738;LOJA;DSTRAVA BIKE SHOP;46941160000136;Wagner;19 99768-5090;RUA JOAO PEDRO DA SILVA;151;LEITAO;SP;LOUVEIRA;13.293-254;8 AS 18H;8 AS 18H;;;;
W00746;LOJA;PUBY BIKES;37663443000172;ADRIANO;49 99936 8455;AVENIDA URUGUAI;919;CENTRO;SC;ITAPIRANGA;88896000;9 AS 18H;9 AS 18H;;;;
W00747;MECÂNICO;BIKE GRAU;46278592000109;FERNANDA;(11) 948708316;ESTRADA DOM JOAO NERY;4153;VILA LOURDES;SP;SÃO PAULO;84.523-40;9 ÁS 17:40;9 AS 16H;;bikegrau@soulcycles.com.br;;
W00215;MECÂNICO;REVOLUTION BIKE SHOP;24697758000199;ALAN;(19) 989908912;R CAMPOS SALLES ;239C;VILA SAO SEBASTIAO;SP;VALINHOS;13271-000;09 as 18h;09 as 13h;;alan.vieira001@gmail.com;;
W00806;MECÂNICO;SANTTOS BIKE;49333240000105;ANDRE;47 99280-9359;R CELSO RAMOS;4243;CENTRO;SC;BENEDITO NOVO;891240000;08h as 18:30;08h as 12h;;santtosbike@gmail.com;;
W00809;LOJA;CRICIUMA BIKE CENTER;58412716000186;MOACIR;48 996988094;R ANITA GARIBALDI ;141;CENTRO;SC;CRICIUMA;88801-020;08 AS 18:30;08 as 12h;criciumabikecenter@gmail.com;;;
W00810;MECÂNICO;BIKE TOOL MANUTENÇÃO DE BICICLETAS;49.773.172/0001-97;EZEQUIAS;41 92819743;RUA PEDRO FIORESE;22;SAO JOAO;PR;COLOMBO;83415-090;08 AS 18:30;08 as 12h;biketoolmb@gmail.com ;;;
W00811;LOJA;CYCLO ABDIAS / ELIZ SHOP;39829552000142;CARLOS;11 947074666;AVENIDA SARG LOURIVAL ALVES DE SOUZA;352;JARDIM TAQUARAL;SP;SÃO PAULO;04675-020;09 as 19h;09 as 14h;;;ELIS;JOABE
W00818;LOJA;TRILHA BIKE ;34.329.712/0001-70;DANIELA;51 80479410;RUA COSTA GAMA;808;Sul Brasileiro;RS;OSORIO;95520-000;09 as 19h;09 AS 12H;trilhabikeosoriors@gmail.com;;;
W00819;MECÂNICO;GRAVEL BIKE SHOP;47.064.268/0001-50;EVERTON;12 982000318;AVENIDA JOSE CANDIDO PORTO ;461;VILLA BRANCA;SP;JACAREI;12301-000;09 as 19h;09 AS 12H;everton@amaisprojetos.com.br;;;
W00822 ;MECÂNICO;ROTA BIKE;86.570.348/0001-30;VINICIUS;34 992009319;AV. NOSSA SENHORA DO DESTERRO ;350;MANOEL MENDES;MG;UBERABA;38.082-170;09 as 19h;09 AS 12H;rotabikesport@hotmail.com;;;
W00823;MECÂNICO;RODRIGO BIKE CENTER;52.054.496/0001-80;RODRIGO ;27 997665893;Av. Tupinambás;310;LAGOA DO MEIO;ES;LINHARES;29904-025;09 as 19h;;rodrigobikecenter@soulcycles.com.br;;;
W00136;LOJA;BIKE PRIME;46.488.328/0001-08;RODRIGO ;62 994241847;RUA 25 ;17;PARQUE ATHENEU;GO;GOIÂNIA;74890-550;;;bikeprime@soulcycles.com.br;;;
W00825;MECÂNICO;MACIEL'S BIKE REPAIR;43.114.590-0001-96;ALEX;42 99812-3574 ;Rua Tenente Max Wolff Filho;387;CENTRO;PR;São Mateus do Sul ;83900-092;;;macielbikerepair@soulcycles.com.br;;;
W00826 ;MECÂNICO;CICLOS OFICINA ;45.981.523/0001-02;IGOR;(31) 84717157;Rua Munhoz;40;SANTA ROSA;MG;BELO HORIZONTE;31255-610;09 as 19h;09 AS 12H;igormartinidovalle@gmail.com;;;
W00828;MECÂNICO;CENTRAL DA BIKE;52.139.970/0001-76;Guilherme;47 997084642;AVENIDA ARGOLO ;282, SALA 2 B;CENTRO;SC;SÃO BENTO DO SUL;89280-040;;;d;;;
W00830;LOJA;BARÃO CENTER;09.114.867/0001-42;JAIR;(16) 99308-7905;Rua Expedicionário Lellis;1409;CENTRO;SP;SERTÃOZINHO;14160-750;;;;;;
W00835 ;MECANICO;MECANIC BIKE;59.763.779/0001-40;Jhonata; (14) 998288726;Avenida Rio Grande;469;CENTRO;SP;;;;;jhonatafelipedossantosemilio@gmail.com;;;
W00831;MECÂNICO;PONTAL BIKE STORE;55.528.010/0001-96;;51 2165-5353;AVENIDA PADRE CACIQUE;2893 LOJA 1001;PRAIA DE BELAS;RS;PORTO ALEGRE;90810-240;09 as 19h;08h as 12h;pontalbikestore@gmail.com;;;
W00855;MECÂNICO;FLACH BICICLETAS;;Jaime;51-992452433;TRES DE OUTUBRO;SALA 01;LANGUIRU;RS;TEUTONIA;3762-2161;09 as 19h;08h as 12h;pontalbikestore@gmail.com;;;
W00858;MECÂNICO;WEISS DE BIKE;58.352.506/0001-40;WEISS;5199287-7120;AVENIDA DOS MUNICIPIOS;4081 SALA 3;25 DE JULHO;RS;CAMPO BOM;93700-000;09 as 19h;08h as 12h;weissdebikegaragem@gmail.com;;;
W00710 ;MECÂNICO;PHD MOTOR & CYCLES;34.521.822.0001/30;João Augusto;(65) 99997055;AV TENENTE CORONEL DUARTE 1585;1585;DOM AQUINO;MT;CUIABA;78.015.500;09 as 19h;08h as 12h;phdmotorcycles@gmail.com;;;
W00864;MECÂNICO;JR BIKES;21.453.688.0001.35;Junior;(87) 99627148;RUA MARIO MELO;194;CENTRO;;CARNAIBA;56.820.000;09 as 19h;08h as 12h;Jr02bikecicero@gmail.co ;;;
W00865 ;MECÂNICO;F2S SPORTS;01.140.688/0001-78;JANIO;34 99991-2008;AV JOSE FONSECA E SILVA;1261;JARDIM PATRICIA;MG;UBERLANDIA ;38414-097;09 as 19h;08h as 12h;maquinabike@hotmail.com;;;
W00868;MECÂNICO;PEBAO BIKES;58.155.831/0001-12;JAIR;19971039930;AV REBOUÇAS;1948;CENTRO;SP;SUMARE;13.170.023;09 as 19h;08h as 12h;pebaobikes@gmail.com;;;
W00870;MECÂNICO;AMARAL BIKES;30.367.646/0001-72;WILLIAM;11997784192;AV GETULIO VARGAS;1352;BAETA NEVES;SP;SÃO BERNARDO DO CAMPO;09.751-250;09 as 19h;08h as 12h;amaral.willian@uol.com.br;;;
W00867;LOJA;TREND BIKES ;35.358.653/0001-21;CIDO;(14) 99892-9469;AV. CARLOS ARTENCIO;46;FRAGATA;SP;MARIÍLIA;17519-255;9 AS 18H;9 AS 12 ;trendbikes1@gmail.com;;;
W00871;LOJA;ELIAS BIKE STORE;20.649.626/0001-30;BRUNA;(53) 3251-2436;RUA MARIZ E BARROS;2022;CENTRO;RS;SÃO LOURENÇO DO SUL;96170-000;9 AS 18H;9 AS 12 ;eliasbikestore@gmail.com;;;
W00873;MECÂNICO;BIKE SERVICE JF;56.063.486/0001-61 ;HUMBERTO;(32) 988882009;RUA PEDRO AGOSTINHO;29;GRAMA;MG;JUIZ DE FORA;36048-320;09 as 19h;08h as 12h;DIGITAL.GRAF@YAHOO.COM.BR;;;
W00875;MECÂNICO;BIKE SPORTS BICICLETAS;07.078.699/0001-51;ARTHUR;12 981030407;AV DR JOÃO BATISTA SOARES QUEIROS;968;SÃO JOSE DOS CAMPOS;SP;SAO JOSE DOS CAMPOS;12.240.000;09 as 19h;08h as 12h;arthurbaez@icloud.com;;;
W00877;MECÂNICO;RG BIKE SERVICE;31.472.436/0001-07;RICARDO;16 98227-2100;RUA ELIAS MARINO ;235;JARDIM SANTA CECILIA;SP;RIBEIRAO PRETO;14110-000;09 as 19h;08h as 12h;rickygussoni@rgbikeservice.com;;;
W00838;MECÂNICO;BICICLETARIA MARILIA;65.443.673.0001-61;VALDIR/GUILHERME;17 981754666;AV 51 ;1358;VILA MARILIA;SP;BARRETOS;14780-470;09 as 19h;08h as 12h;contato@bicicletariamarilia.com.br;;;
W000KW;MECÂNICO;BIKE SHOP STEFANINI;37983378000162;ADRIANO;11 998135540;R FRANCISCO VERANI;Qd 111 lote 03 número 04;JARDIM BRASIL;SP;SAO ROQUE;18.133-170;09 as 18h;09 as 13h;bikeshopstefanini3;;;
W00885;MECANICO;OFICINA TIGER BIKE;58463737000120;CAIO;(19)990197812_;Avenida Carlos Basso;853,B;Residencial Bordon;SP;SUMARÉ;13173-385;08:30 AS 17:30;08:30 AS 12H;OFICINA.TIGERBIKE@GMAIL.COM;OFICINA.TIGERBIKE@GMAIL.COM;;
W00886;MECANICO;TOP BIKE SERVICE;17450840000159;CRISTIANO;(19)998179799;RUA PROFESSOR JOÃO BARBOSA;139;SÃO JUDAS;SP;AMPARO;13901-271;09 AS 18H;FECHADO;topbikeamparo@gmail.com;topbikeamparo@gmail.com;;
W00745 ;MECANICO;BIKE BROTHERS;08.660.951/0001-07;RONALDO ;41 8844-6807;Rua Eduardo Sprada;4206;Campo Comprido;PR;CURITIBA;81210-371;;;bikebrotherscuritiba;;ELIS;DANIEL
W00880;MECANICO;SALLES BIKES;74.612.342/0001-07;JUVENAL;1144120654;RUA CLÓVIS SOARES;326;ALVINÓPOLIS;SP;ATIBAIA;12.942.560;08:30 AS 17:30;08:30 AS 12H;sallesbikes@ig.com.br;;;
;;;;;;;;;;;;;;;;;
;;;;;;;;;;;;;;;;;
;;;;;;;;;;;;;;;;;
;;;;;;;;;;;;;;;;;
